https://ziplaunchpad.sdsu.edu,5000000
https://ziplet.live,5000000
https://ziplevel.com,5000000
https://zipline-dolinka.si,5000000
https://zipline.ai,5000000
https://zipline.cloud.teamcenter.com,5000000
https://zipline.diced.sh,5000000
https://zipline.imagerelay.com,5000000
https://zipline.officespacesoftware.com,5000000
https://zipline.okta.com,5000000
https://ziplineacademy.docebosaas.com,5000000
https://ziplineb2b.com,5000000
https://ziplinebrewing.com,5000000
https://ziplinelogistics.com,5000000
https://ziplines.careercatalyst.asu.edu,5000000
https://ziplines.charlotte.edu,5000000
https://ziplines.fiu.edu,5000000
https://ziplines.training.uark.edu,5000000
https://ziplines.uab.edu,5000000
https://ziplinestrings.bigcartel.com,5000000
https://ziplinestthomas.com,5000000
https://ziplinetapandgrill.com,5000000
https://ziplocal.com,5000000
https://ziplogix.rentspree.com,5000000
https://ziploxxhairextensions.com,5000000
https://ziploxzqs.itch.io,5000000
https://ziplucas.com,5000000
https://ziplyfiber.docagent.net,5000000
https://ziplyfiber.sjc1.qualtrics.com,5000000
https://zipm.ru,5000000
https://zipmccall.com,5000000
https://zipmex.com,5000000
https://zipmilk.org,5000000
https://zipmow.com,5000000
https://zipnbear.com,5000000
https://zipnet.delhipolice.gov.in,5000000
https://zipnskamania.com,5000000
https://zipoliver.itch.io,5000000
https://zipolog.com,5000000
https://ziporashop.com,5000000
https://zippak.com,5000000
https://zippass.mspairport.com,5000000
https://zippdelivers.com,5000000
https://zippelbay.com,5000000
https://zipper.pk,5000000
https://zipperblues.com,5000000
https://zipperlove.xyz,5000000
https://zippermagazine.com,5000000
https://zippermotors.com,5000000
https://zipperrescue.com,5000000
https://zippgames.com,5000000
https://zippgames.info,5000000
https://zippgo.com,5000000
https://zippi.com.br,5000000
https://zippiespizza.com,5000000
https://zippihydrocleaner.com,5000000
https://zippikids.com,5000000
https://zippinhub.itch.io,5000000
https://zippisweepermax.com,5000000
https://zippity-outdoor.com,5000000
https://zippitysplitplumbing.com,5000000
https://zippivethutto.com,5000000
https://zippivetkyle.com,5000000
https://zippivetlamar.com,5000000
https://zippo.ca,5000000
https://zipporahfilms.com,5000000
https://zipprintcopy.com,5000000
https://zippsliquors.com,5000000
https://zippy-torte-f1226b.netlify.app,5000000
https://zippy.hrpos.heartland.us,5000000
https://zippydisposalservice.com,5000000
https://zippydumpster.com,5000000
https://zippygames.net,5000000
https://zippyhelp.com,5000000
https://zippymeals.com,5000000
https://zippyonline.com,5000000
https://zippypersonalloans.com,5000000
https://zippypixels.com,5000000
https://zippypizzainc.com,5000000
https://zippyquilts.blog,5000000
https://zippysack.com,5000000
https://zippyshare.day,5000000
https://zippyshelldmv.com,5000000
https://zippyshipandcopy.com,5000000
https://zippyspoultry.com,5000000
https://zippyswarehouse.com,5000000
https://zippyyum.com,5000000
https://ziprecruiter-investors.com,5000000
https://ziprecruiter.ac-srvys.medallia.com,5000000
https://ziprecruiter.learnuponus.com,5000000
https://zipreports.net,5000000
https://zips.sold.com,5000000
https://zipsauceburger.com,5000000
https://zipschedules.com,5000000
https://zipscout.co,5000000
https://zipsdinerct.hibuwebsites.com,5000000
https://zipseat.pro,5000000
https://zipsheetsusa.com,5000000
https://zipsunz.bigcartel.com,5000000
https://zipsunzcommissions.carrd.co,5000000
https://ziptanzwellness.com,5000000
https://ziptasterecipes.com,5000000
https://ziptie.dev,5000000
https://ziptieszone.com,5000000
https://ziptoss.com,5000000
https://ziptrader.com,5000000
https://ziptraderu.com,5000000
https://ziptred.com,5000000
https://ziptyracing.com,5000000
https://zipup.com,5000000
https://zipupzipper.net,5000000
https://zipvin.com,5000000
https://zipwallace.com,5000000
https://zipwebport.com,5000000
https://zipwho.com,5000000
https://zipwithus.org,5000000
https://zipxweb.roadvision.com,5000000
https://zipyshare.com,5000000
https://zipzapauto.com,5000000
https://zipzapcomputers.com,5000000
https://zipzappestcontrol.com,5000000
https://zipzappower.com,5000000
https://zir4.gorich.hk,5000000
https://zira.bot,5000000
https://zira.uz,5000000
https://ziracares.com,5000000
https://zirauzbekkitchen.com,5000000
https://zirbelorthodontics.com,5000000
https://zirconiaimplants.net,5000000
https://zircotec.com,5000000
https://zircteeth.com,5000000
https://zire100sanjesh.com,5000000
https://zired.net,5000000
https://zireethaisushi.com,5000000
https://zirehapp.com,5000000
https://zirevesl.today,5000000
https://zirh.com,5000000
https://ziriscafewi.com,5000000
https://zirk.itch.io,5000000
https://zirk.us,5000000
https://zirkkun.itch.io,5000000
https://zirkonzahn.com,5000000
https://zirly.store,5000000
https://zirmed.doradosystems.com,5000000
https://ziro.io,5000000
https://zirohome.ir,5000000
https://zirozi.com,5000000
https://zirtzilos.com,5000000
https://ziryab.es,5000000
https://zis-sales.homesite.com,5000000
https://zis.ped.state.nm.us,5000000
https://zisa.org,5000000
https://zisaan.com,5000000
https://ziseviolet.tumblr.com,5000000
https://zishengz.github.io,5000000
https://zishenwan.github.io,5000000
https://zishy.mypornstarblogs.com,5000000
https://zisiemporium.blogspot.com,5000000
https://zislander.com,5000000
https://zislisgroup.com,5000000
https://zistbanco.ir,5000000
https://zisters-elmgrove.com,5000000
https://zistnet.ir,5000000
https://zistos.com,5000000
https://zit-ic.ru,5000000
https://zit.ng,5000000
https://zitabillmann.com,5000000
https://zitadel.com,5000000
https://zitasicecream.com,5000000
https://zitasicecream.m.takeout7.com,5000000
https://zitazi.com,5000000
https://zitenote.atlassian.net,5000000
https://zithionx.com,5000000
https://zitichai.company,5000000
https://zitisofnatick.com,5000000
https://zitners.com,5000000
https://zitniktrains.com,5000000
https://zitobox.worthepenny.com,5000000
https://zitocases.com,5000000
https://zitogreekkitchen.com,5000000
https://zitosdeli.com,5000000
https://zitositalian.com,5000000
https://zitosmexicanresturant.com,5000000
https://zitospizza.toast.site,5000000
https://zitounasanfrancisco.com,5000000
https://zitova.ir,5000000
https://zitrogames.com,5000000
https://zitroservicesllc.com,5000000
https://zitseng.com,5000000
https://zitsticka.co.uk,5000000
https://zittacheng.itch.io,5000000
https://ziul-walls.itch.io,5000000
https://ziuma.com,5000000
https://ziuylgzn.com,5000000
https://ziva.sh,5000000
https://zivacancun.resortsbyhyatt.com,5000000
https://zivacapcana.resortsbyhyatt.com,5000000
https://zivacleaning.com,5000000
https://zivafertility.com,5000000
https://zivameditation.com,5000000
https://zivanche.com,5000000
https://zivaronline.com,5000000
https://zivaskye.com,5000000
https://zive.aktuality.sk,5000000
https://ziveko.com,5000000
https://zivel.myperformanceiq.com,5000000
https://zivhealth.com,5000000
https://zivio.live,5000000
https://ziviogr.com,5000000
https://zivli.com,5000000
https://zivli.mykajabi.com,5000000
https://zivnexi.com,5000000
https://zivnora.vu,5000000
https://zivo.life,5000000
https://zivoran.com,5000000
https://zivotvcesku.cz,5000000
https://zivox.pages.dev,5000000
https://zivpn.com,5000000
https://zivranexphik.world,5000000
https://zivranexvap.world,5000000
https://ziwashoo.enterprises,5000000
https://ziwe.com,5000000
https://ziwe.substack.com,5000000
https://ziwei-30.vercel.app,5000000
https://ziwei.pub,5000000
https://ziwipets.com,5000000
https://ziwuartemis.com,5000000
https://zix.cloudally.com,5000000
https://zixflow.com,5000000
https://zixi.com,5000000
https://zixiaoyun.com,5000000
https://zixue.3d66.com,5000000
https://zixun.jia.com,5000000
https://ziyansalonandspa.com,5000000
https://ziyc.github.io,5000000
https://ziyi126880.substack.com,5000000
https://ziyoumao.cloud,5000000
https://ziyouto.xn--sjqr9mozc.com,5000000
https://zizak.org,5000000
https://zizakabob.com,5000000
https://zizhanghao.taobao.com,5000000
https://zizhi.aliyun.com,5000000
https://zizhu.alipay.com,5000000
https://zizinyc.com,5000000
https://zizivids.com,5000000
https://ziziyi.com,5000000
https://zizo.pro,5000000
https://zizodtf.com,5000000
https://zizonline.com,5000000
https://zizospizza.us,5000000
https://zizousbrokeaf.com,5000000
https://zizoze.com,5000000
https://zizzers.follettdestiny.com,5000000
https://zizzling.net,5000000
https://zj.122.gov.cn,5000000
https://zj.cnr.cn,5000000
https://zj.fanyu.com,5000000
https://zj.gsxt.gov.cn,5000000
https://zj.ifeng.com,5000000
https://zj.lmjx.net,5000000
https://zj.singlewindow.cn,5000000
https://zj.zol.com.cn,5000000
https://zj39vv94vp.com,5000000
https://zj87.jxt.zj.gov.cn,5000000
https://zjaboca.org,5000000
https://zjabrooklyn.org,5000000
https://zjactaajil.gdgqeicklb.net,5000000
https://zjadallas.org,5000000
https://zjafivetowns.org,5000000
https://zjamr.zj.gov.cn,5000000
https://zjapi.com,5000000
https://zjaqueens.org,5000000
https://zjazdsf2026.sched.com,5000000
https://zjbfoxjo3uv24zn7mknlfedtrq0fkyka.lambda-url.eu-west-1.on.aws,5000000
https://zje.zju.edu.cn,5000000
https://zjedz.my,5000000
https://zjet.site,5000000
https://zjic.zj.gov.cn,5000000
https://zjj.xa.gov.cn,5000000
https://zjk.lnk.to,5000000
https://zjkcshop.com,5000000
https://zjkyc.dailyyfunpro.com,5000000
https://zjnews.zjol.com.cn,5000000
https://zjnsf.kjt.zj.gov.cn,5000000
https://zjo.mobi,5000000
https://zjoxa.com,5000000
https://zjrb.zjol.com.cn,5000000
https://zjrs.haier.net,5000000
https://zjseal.zjzwfw.gov.cn,5000000
https://zjt.fujian.gov.cn,5000000
https://zjt.hubei.gov.cn,5000000
https://zjtlcb.zhiye.com,5000000
https://zju3dv.github.io,5000000
https://zjui.intl.zju.edu.cn,5000000
https://zjuzdme.org,5000000
https://zjw.sh.gov.cn,5000000
https://zjxartcc.org,5000000
https://zjzcw.iccec.cn,5000000
https://zjzx.91job.org.cn,5000000
https://zk.mk,5000000
https://zk.sceea.cn,5000000
https://zk.zjzs.net,5000000
https://zk688.com,5000000
https://zkbaseball.simpletix.com,5000000
https://zkbookstore.com,5000000
https://zkcodex.com,5000000
https://zkcytvrzgy15.com,5000000
https://zkeebs.com,5000000
https://zkeep.b2clogin.com,5000000
https://zkf.gjzwfw.gov.cn,5000000
https://zkfie.itch.io,5000000
https://zkgrill.com,5000000
https://zkhorozianlaw.com,5000000
https://zkm.de,5000000
https://zknill.io,5000000
https://zknives.com,5000000
https://zkookius.newgrounds.com,5000000
https://zkorean.com,5000000
https://zkorvin.com,5000000
https://zkp.com,5000000
https://zksapp.com,5000000
https://zkslaw.com,5000000
https://zkteco.technology,5000000
https://zktecousa.com,5000000
https://zkudhohty.in,5000000
https://zkutisahd.in,5000000
https://zkvjhnqy.shop,5000000
https://zkwhakk88.com,5000000
https://zkzz.whzkb.cn,5000000
https://zl-audio.github.io,5000000
https://zl-technologies-inc.breezy.hr,5000000
https://zlab.caltech.edu,5000000
https://zlabz.io,5000000
https://zlac.org,5000000
https://zlaiwna029.com,5000000
https://zlan.fr,5000000
https://zland.com,5000000
https://zlapp.fudan.edu.cn,5000000
https://zlaq.mohurd.gov.cn,5000000
https://zlataladjica.com,5000000
https://zlatibor.shop,5000000
https://zlato.ua,5000000
https://zlausa.com,5000000
https://zlavori.cfd,5000000
https://zlawns.com,5000000
https://zlbb.faendir.com,5000000
https://zlc2m.com,5000000
https://zlcartcc.org,5000000
https://zlcontainerhouse.en.made-in-china.com,5000000
https://zldatas.com,5000000
https://zle.rdale.org,5000000
https://zleague.org,5000000
https://zledslights.com,5000000
https://zleepysnails.straw.page,5000000
https://zlegends3.com.co,5000000
https://zlglobal.htsc.com.hk,5000000
https://zli.umich.edu,5000000
https://zlib-asia.zpaycashier.sk,5000000
https://zlib-vip.com,5000000
https://zlib.2rdh.com,5000000
https://zlib.wwwnav.com,5000000
https://zlibr.com,5000000
https://zlibrary.jimdofree.com,5000000
https://zlibrary.pt,5000000
https://zlibrary.vip,5000000
https://zliko.coqbjjguytdys.in,5000000
https://zline.com,5000000
https://zlinekitchen.my.site.com,5000000
https://zlink.fqnovel.com,5000000
https://zlinkshub.com,5000000
https://zlinkurl.cn,5000000
https://zlinq.com,5000000
https://zllhs.hlfulipi.buzz,5000000
https://zllkl.com,5000000
https://zloczyncy.fandom.com,5000000
https://zlot.mx,5000000
https://zlotascena.pl,5000000
https://zlozarinyshronin.world,5000000
https://zlsbethalto.org,5000000
https://zluda.readthedocs.io,5000000
https://zlukaszem.pl,5000000
https://zlumber.com,5000000
https://zlwos.com,5000000
https://zlzpeptides.com,5000000
https://zlzx.zjamr.zj.gov.cn,5000000
https://zm-ecommerce.com,5000000
https://zm.i8k.tv,5000000
https://zm.linkedin.com,5000000
https://zm.talent.com,5000000
https://zm.usembassy.gov,5000000
https://zm.yiyuan.ai,5000000
https://zm8lp2fe5j.search.serialssolutions.com,5000000
https://zma12.casino,5000000
https://zmaartcc.net,5000000
https://zmail.zoom.us,5000000
https://zmaildir.com,5000000
https://zmaildirect.com,5000000
https://zmajevi.ba,5000000
https://zman.watch,5000000
https://zmanimreminder.com,5000000
https://zmarsa.com,5000000
https://zmarzen.pl,5000000
https://zmasti.com,5000000
https://zmatlaw.com,5000000
https://zmc-careers.careerplug.com,5000000
https://zmc-hotels-llc.careerplug.com,5000000
https://zmc.edu,5000000
https://zmc.mk,5000000
https://zmc.org,5000000
https://zmchotels.com,5000000
https://zmclp.com,5000000
https://zmcn.itch.io,5000000
https://zmcre.com,5000000
https://zmcustomtees.com,5000000
https://zmdaesthetics.com,5000000
https://zmdmap.com,5000000
https://zmdownload.zoho.com,5000000
https://zmedihealthcare.com,5000000
https://zmhs.isd728.org,5000000
https://zmi.de,5000000
https://zmicro.com,5000000
https://zmina.info,5000000
https://zministries-bloom.kindful.com,5000000
https://zmio.org,5000000
https://zmishibo.org,5000000
https://zmist.pl.ua,5000000
https://zmix.ir,5000000
https://zmk.dev,5000000
https://zmk.pw,5000000
https://zmk.studio,5000000
https://zmkk.edu.kg,5000000
https://zmktver.ru,5000000
https://zml.ai,5000000
https://zmm.com,5000000
https://zmmemorials.com,5000000
https://zmmh.org,5000000
https://zmn.difustore.buzz,5000000
https://zmnews.online,5000000
https://zmod.gg,5000000
https://zmodo.com,5000000
https://zmorph3d.com,5000000
https://zmotorsauto.com,5000000
https://zmovies.cc,5000000
https://zmovies.fun,5000000
https://zmovies.org,5000000
https://zmovies.shop,5000000
https://zmovies.zya.me,5000000
https://zmp.iwhalecloud.com,5000000
https://zmps.cr3.rschooltoday.com,5000000
https://zmqjy.com,5000000
https://zmr.ibe.stayntouch.com,5000000
https://zmrdoor.com,5000000
https://zms.lcps.net,5000000
https://zms.southsanisd.net,5000000
https://zms.zcisd.org,5000000
https://zms.zcs.k12.in.us,5000000
https://zmsacademy.com,5000000
https://zmschools.nutrislice.com,5000000
https://zmschools.ss19.sharpschool.com,5000000
https://zmtrucks.us,5000000
https://zmtwistedwines.com,5000000
https://zmvpn.cczu.edu.cn,5000000
https://zmxqtrvpl.xyz,5000000
https://zmyd.online,5000000
https://zmyhome.com,5000000
https://zmyx.info,5000000
https://zmzmsweetsusa.com,5000000
https://zn-ceo.ir,5000000
https://zn2h2.com,5000000
https://zn48.ru,5000000
https://znachenieimeny.ru,5000000
https://znaet.petrovich.ru,5000000
https://znaexternal.okta.com,5000000
https://znailsoh.com,5000000
https://znaj.ua,5000000
https://znaki.fm,5000000
https://znakomstva-prosto.com,5000000
https://znakomstva-s-inostrantsami.ru,5000000
https://znamlit.ru,5000000
https://znanieinfo.ru,5000000
https://znanija.site,5000000
https://znanio.ru,5000000
https://znaudiologynyc.com,5000000
https://znayshov.com,5000000
https://znclaw.com,5000000
https://zndim.com,5000000
https://zneakers.com,5000000
https://znefscholarships.awardspring.com,5000000
https://znelartsvr.itch.io,5000000
https://znew.pages.dev,5000000
https://znexorviaxhub.world,5000000
https://zngautosales.com,5000000
https://znhnyw1lc2fwaq.poltech3.com,5000000
https://znk-games.fandom.com,5000000
https://znkgames.com,5000000
https://znochikai.com,5000000
https://znoms.buzz,5000000
https://znoozbeds.com,5000000
https://znotes.org,5000000
https://znpusa.org,5000000
https://znsrc.com,5000000
https://zntswholesale.com,5000000
https://znubr.buzz,5000000
https://znutty.com,5000000
https://znvpc.sg120.com,5000000
https://znwr.ru,5000000
https://znxle.ru,5000000
https://znydesu.tumblr.com,5000000
https://znys.us,5000000
https://znzgymnastics.com,5000000
https://zo-greek-assembly.square.site,5000000
https://zo.miranda-media.ru,5000000
https://zo.p-insurgence.com,5000000
https://zo.puckseychavish.cyou,5000000
https://zo3x.online,5000000
https://zo80fi3iv.com,5000000
https://zoa.org,5000000
https://zoaeng.com,5000000
https://zoagies-2-wilmington.cloveronline.com,5000000
https://zoagies.com,5000000
https://zoajising.com,5000000
https://zoakbbq.com,5000000
https://zoarfitness.com,5000000
https://zoargolf.teesnap.net,5000000
https://zoarmotopark.com,5000000
https://zoarvalleymotorsports.com,5000000
https://zoasettlement.com,5000000
https://zobdatolashaar.ir,5000000
https://zobelandco.com,5000000
https://zobellabride.com,5000000
https://zoblex.us,5000000
https://zoboomafoo.fandom.com,5000000
https://zoboston.com,5000000
https://zoburige.com,5000000
https://zoc.lausd.org,5000000
https://zoca.com,5000000
https://zocabethany.com,5000000
https://zocalo-fish-marketgrill-haines-city.cloveronline.com,5000000
https://zocalo.foldhealth.io,5000000
https://zocalo.patientapp.foldhealth.io,5000000
https://zocalocoffeehouse.square.site,5000000
https://zocalocolorado.com,5000000
https://zocalodevelopment.com,5000000
https://zocaloliving.com,5000000
https://zocalopoets.com,5000000
https://zocalostreetfood.com,5000000
https://zocalovillage.com,5000000
https://zoccariverwalk.com,5000000
https://zoccers.jpn.com,5000000
https://zocdoc.app.link,5000000
https://zocdoc.tfaforms.net,5000000
https://zocks.chilipiper.com,5000000
https://zocksik.com,5000000
https://zocodesign.com,5000000
https://zocohome.com,5000000
https://zocoproducts.com,5000000
https://zocotolas.com,5000000
https://zoctongo.itch.io,5000000
https://zodab.in,5000000
https://zodacc.com,5000000
https://zodax-catalogs.com,5000000
https://zodchiy.org,5000000
https://zodel.com,5000000
https://zodelo.com,5000000
https://zodenailbarwa.com,5000000
https://zodflix.com,5000000
https://zodiac-on3.gameassists.co.uk,5000000
https://zodiac-signs-astrology.com,5000000
https://zodiac-spa.com,5000000
https://zodiac.casino,5000000
https://zodiac.dir.bg,5000000
https://zodiac.fgservices.com,5000000
https://zodiac.fm,5000000
https://zodiac.utils.com,5000000
https://zodiacal.com,5000000
https://zodiacalreleasing.net,5000000
https://zodiaccalculator.com,5000000
https://zodiacctx.com,5000000
https://zodiacfire.com,5000000
https://zodiacgirlz.fandom.com,5000000
https://zodiacjules.com,5000000
https://zodiackilleen.com,5000000
https://zodiackillerciphers.com,5000000
https://zodiacmatchlab.getlora.com,5000000
https://zodiacmilpro.com,5000000
https://zodiacmystics.com,5000000
https://zodiacnumerology.com,5000000
https://zodiaconline.com,5000000
https://zodiacperfect.com,5000000
https://zodiacreads.com,5000000
https://zodiacstock.com,5000000
https://zodiactampa.com,5000000
https://zodiagram.io,5000000
https://zodialix.com,5000000
https://zodianz.com,5000000
https://zodicod.com,5000000
https://zoditalk.com,5000000
https://zodl.com,5000000
https://zodpeek.com,5000000
https://zodqr.com,5000000
https://zodys19thhole.com,5000000
https://zoe-app.buxfer.com,5000000
https://zoe-victoria-suazo-viral-videos.bandcamp.com,5000000
https://zoe.buxfer.com,5000000
https://zoe.lnk.to,5000000
https://zoea.io,5000000
https://zoeandcompany.com,5000000
https://zoeandzelda.com,5000000
https://zoeapp.co,5000000
https://zoebioscreative.com,5000000
https://zoecenter.us,5000000
https://zoechip-cc.lol,5000000
https://zoechip.mom,5000000
https://zoechip.mov,5000000
https://zoechip.to,5000000
https://zoecoffeeandtacos.com,5000000
https://zoecoffeekitchen.com,5000000
https://zoedallas.org,5000000
https://zoedental.com,5000000
https://zoedish.com,5000000
https://zoedishes.com,5000000
https://zoee.com,5000000
https://zoeecarpenter.com,5000000
https://zoeempowers.org,5000000
https://zoeeventsdmv.com,5000000
https://zoefairbairns.co.uk,5000000
https://zoefarmerr.com,5000000
https://zoefeldman.substack.com,5000000
https://zoefinancial.com,5000000
https://zoeforlife.org,5000000
https://zoefrancois.substack.com,5000000
https://zoefurniture.com,5000000
https://zoegracesalon.com,5000000
https://zoehomeharvest.com,5000000
https://zoeicare.com,5000000
https://zoek.officielebekendmakingen.nl,5000000
https://zoeladycooks.com,5000000
https://zoelarkin.com,5000000
https://zoelashspa.com,5000000
https://zoelatta.recleague.com,5000000
https://zoelatta.substack.com,5000000
https://zoelay.com,5000000
https://zoellerathome.com,5000000
https://zoellercompany.managebuilding.com,5000000
https://zoellerlaw.com,5000000
https://zoellner.cas.lehigh.edu,5000000
https://zoemama.com,5000000
https://zoemama.square.site,5000000
https://zoenadrums.com,5000000
https://zoenmartinez.com,5000000
https://zoenomade.com,5000000
https://zoepost.com,5000000
https://zoeprint.com,5000000
https://zoeprivatee.blogspot.com,5000000
https://zoer.ai,5000000
https://zoerecipe.com,5000000
https://zoerecovery.com,5000000
https://zoerltes.today,5000000
https://zoes-family-restaurant.goto-where.com,5000000
https://zoes-pizza.com,5000000
https://zoesaadia.com,5000000
https://zoesandmarkyskitchen.com,5000000
https://zoescaman.substack.com,5000000
https://zoeschocolate.com,5000000
https://zoesdailykitchen.com,5000000
https://zoesdezzerts.com,5000000
https://zoeshape.com,5000000
https://zoeshouseadoptions.com,5000000
https://zoeskitchenbhm.com,5000000
https://zoesouthend.book.app,5000000
https://zoessecretplace4546.weebly.com,5000000
https://zoetacosga.com,5000000
https://zoetalentsolutions.com,5000000
https://zoetisbenefits.com,5000000
https://zoetislms2.webex.com,5000000
https://zoetrope.com,5000000
https://zoetsweets.com,5000000
https://zoevacosmetics.com,5000000
https://zoevip.site,5000000
https://zoewallets.com,5000000
https://zoewilsoncarving.com,5000000
https://zoewoodwardgardening.com,5000000
https://zoey-naturals.com,5000000
https://zoey-newyork.com,5000000
https://zoey.in,5000000
https://zoey.lurk.me,5000000
https://zoey1039.com,5000000
https://zoeyadrianna.dk,5000000
https://zoeybangs.site,5000000
https://zoeydraven.com,5000000
https://zoeyfrank.com,5000000
https://zoeyplates.com,5000000
https://zoeyplaysgacha.itch.io,5000000
https://zoeysarchive.com,5000000
https://zoeysdoxies.com,5000000
https://zoeysextraordinaryplaylist.fandom.com,5000000
https://zoeysleep.com,5000000
https://zoeyspizza.com,5000000
https://zoeysvault.com,5000000
https://zoeyv.sg-host.com,5000000
https://zofiq.ai,5000000
https://zoftigeatery.com,5000000
https://zoftwarehub.com,5000000
https://zogblog.substack.com,5000000
https://zogbyanalytics.com,5000000
https://zogentle.com,5000000
https://zoglnce.com,5000000
https://zogloesthetics.glossgenius.com,5000000
https://zogsportsny.leagueapps.com,5000000
https://zoguna.lol,5000000
https://zoguri.com,5000000
https://zoha-islands.com,5000000
https://zohaal.net,5000000
https://zohairusa.com,5000000
https://zohamba.bandcamp.com,5000000
https://zohardancecompany.org,5000000
https://zoharum.bandcamp.com,5000000
https://zoho-ztl.maillist-manage.in,5000000
https://zoho.andresgutierrez.com,5000000
https://zohoevents.zohobackstage.in,5000000
https://zohoinvoicepay.eu,5000000
https://zohomail.tools,5000000
https://zohorestaurant.com,5000000
https://zohosathens.com,5000000
https://zohosecurepay.ca,5000000
https://zohosecurepay.eu,5000000
https://zohosecurepay.in,5000000
https://zohosuite.oberstaff.com,5000000
https://zohothankyou.com,5000000
https://zohranpromisetracker.com,5000000
https://zoiboyz.com,5000000
https://zoic-tcg.backerkit.com,5000000
https://zoicbloggs.blogspot.com,5000000
https://zoice.com,5000000
https://zoicstudios.applytojob.com,5000000
https://zoidberg656.gumroad.com,5000000
https://zoidrawz.carrd.co,5000000
https://zoiglbrau.com,5000000
https://zoimedicinals.com,5000000
https://zoisnewhaven.com,5000000
https://zoj-teb.org,5000000
https://zoj69.com,5000000
https://zojaxyoga.com,5000000
https://zojiine.shop,5000000
https://zojirushi.ie,5000000
https://zojirushiamerica5787.zendesk.com,5000000
https://zojita.org,5000000
https://zokala.com,5000000
https://zokalomexicantina.toast.site,5000000
https://zokkashop.com,5000000
https://zokoeteam.com,5000000
https://zokos.com,5000000
https://zokroofing.com,5000000
https://zoku.ir,5000000
https://zokuchicago.com,5000000
https://zokurc.com,5000000
https://zokusalon.com,5000000
https://zokuzoku.github.io,5000000
https://zol.web3shuld.club,5000000
https://zola.weddingstar.com,5000000
https://zola.zoom.us,5000000
https://zolabakes.com,5000000
https://zolabar.com,5000000
https://zolacuturalkitchen.com,5000000
https://zoladz.com,5000000
https://zolaristorante.com,5000000
https://zolas.com,5000000
https://zolasonthewater-brookings.com,5000000
https://zolberginstitute.org,5000000
https://zolbux.blogzapit.com,5000000
https://zolcalculator.com,5000000
https://zoldotthonblog.eu,5000000
https://zolena.website,5000000
https://zolera.co,5000000
https://zoleyewear.com,5000000
https://zolfan.com,5000000
https://zoliantonio.com,5000000
https://zolidar.com,5000000
https://zolimacitymag.com,5000000
https://zoliskitchen.com,5000000
https://zolita.merchmadeeasy.com,5000000
https://zollbenefits.com,5000000
https://zollbillpay.radiusone.com,5000000
https://zollege.com,5000000
https://zollege.in,5000000
https://zolliesjazzcucina.com,5000000
https://zollipops.com,5000000
https://zollmedical.my.site.com,5000000
https://zollonline.okta.com,5000000
https://zollow.com,5000000
https://zollpsrjobs.applytojob.com,5000000
https://zollvineyards.com,5000000
https://zolmi.com,5000000
https://zolnar.com,5000000
https://zolnayachts.com,5000000
https://zolnierportals.com,5000000
https://zolochiv.net,5000000
https://zolocoffee.com,5000000
https://zoloj.com,5000000
https://zolosol.com,5000000
https://zolostays.com,5000000
https://zolotakraina.ua,5000000
https://zoloto-md.ru,5000000
https://zoloto.city,5000000
https://zoloto585.ru,5000000
https://zolotodb.ru,5000000
https://zolotoy.ru,5000000
https://zolperproperties.com,5000000
https://zolrus.ru,5000000
https://zoltar.org,5000000
https://zolteh.ru,5000000
https://zoltek.com,5000000
https://zoltenranch.shop,5000000
https://zoltonlaw.com,5000000
https://zoltusa.com,5000000
https://zolvarenghonul.world,5000000
https://zolvatory.itch.io,5000000
https://zolve.freshteam.com,5000000
https://zolve.snaphunt.com,5000000
https://zolvo.com,5000000
https://zom-dx.zomedica.com,5000000
https://zom.com,5000000
https://zom.proarab.net,5000000
https://zom100.com,5000000
https://zomacleveland.com,5000000
https://zomagazine.co.uk,5000000
https://zomagazine.com,5000000
https://zomatobook.com,5000000
https://zombean-perc.itch.io,5000000
https://zombeebunnie.itch.io,5000000
https://zombie-attack-roblox.fandom.com,5000000
https://zombie-bunny.com,5000000
https://zombie-defense.fandom.com,5000000
https://zombie-farm.en.uptodown.com,5000000
https://zombie-gunship-survival.fandom.com,5000000
https://zombie-road-trip.en.uptodown.com,5000000
https://zombie-tsunami.fandom.com,5000000
https://zombie-uprising.fandom.com,5000000
https://zombiearmy.fandom.com,5000000
https://zombiebunnygames.itch.io,5000000
https://zombieburlesque.com,5000000
https://zombiebyte.itch.io,5000000
https://zombiecheats.com,5000000
https://zombiederby.com,5000000
https://zombiefarm.fandom.com,5000000
https://zombiegameswalkthrough.blogspot.com,5000000
https://zombieghostgames.com,5000000
https://zombiegirlzine.substack.com,5000000
https://zombiegnome.com,5000000
https://zombiehideoutllc.com,5000000
https://zombiehiphop.xyz,5000000
https://zombieindustries.com,5000000
https://zombieland.io,5000000
https://zombieloungeonline.com,5000000
https://zombieperformance.com,5000000
https://zombiepizzava.com,5000000
https://zombieplanetstore.square.site,5000000
https://zombieprepared.org,5000000
https://zombieresearchsociety.com,5000000
https://zombies-ate-my-friends.en.uptodown.com,5000000
https://zombiesinmyblog.com,5000000
https://zombiesneedbrains.moksha.io,5000000
https://zombiesoutbreak.com,5000000
https://zombiesplusworkshop.fandom.com,5000000
https://zombiesrhungry.printify.me,5000000
https://zombiesrun.fandom.com,5000000
https://zombietools.at,5000000
https://zombigold.vip,5000000
https://zombiporn.com,5000000
https://zombite.store,5000000
https://zombiu.fandom.com,5000000
https://zombo.beehiiv.com,5000000
https://zombooyah.tumblr.com,5000000
https://zomboyofficial.com,5000000
https://zombsio.fandom.com,5000000
https://zombsroyale.net,5000000
https://zombsroyaleio.fandom.com,5000000
https://zomburgers.com,5000000
https://zomchi.com,5000000
https://zomdo.com,5000000
https://zomedica.com,5000000
https://zomedicab2c.b2clogin.com,5000000
https://zomee.odoo.com,5000000
https://zomet.org.il,5000000
https://zomgthehandyman.com,5000000
https://zomliving.com,5000000
https://zomm.com,5000000
https://zomoeats.com,5000000
https://zomorodcenter.com,5000000
https://zomorodi.com,5000000
https://zomorrod-tabas.com,5000000
https://zomox.net,5000000
https://zompiercer.fandom.com,5000000
https://zompist.com,5000000
https://zompz.com,5000000
https://zomro.com,5000000
https://zomsaboston.com,5000000
https://zomtreva.online,5000000
https://zomtumdc.com,5000000
https://zomwave.com,5000000
https://zomzak.match2connects.com,5000000
https://zon.com,5000000
https://zona-deportes-hd.es.download.it,5000000
https://zona-deportiva-plus.com,5000000
https://zona-films.video,5000000
https://zona-hd.org,5000000
https://zona-leros.com,5000000
https://zona-mae.myshopify.com,5000000
https://zona.bookedby.com,5000000
https://zona.com.br,5000000
https://zona.portal.wyyerd.com,5000000
https://zona.vidcool2.org,5000000
https://zonaatv.com,5000000
https://zonabiker.com.co,5000000
https://zonabluweston.com,5000000
https://zonabros.bookedby.com,5000000
https://zonabrothers.com,5000000
https://zonachef.com.mx,5000000
https://zonacomics.com,5000000
https://zonacraft.ru,5000000
https://zonadavie.com,5000000
https://zonadeespanol.com,5000000
https://zonadeporte.la,5000000
https://zonadeportes.com.mx,5000000
https://zonadetrabajo.com,5000000
https://zonae.com,5000000
https://zonaeduca.com.mx,5000000
https://zonaestudiantes.uniminuto.edu,5000000
https://zonaextendida.com,5000000
https://zonafacta.com,5000000
https://zonafit.co,5000000
https://zonafoodmarket.com,5000000
https://zonafountains.com,5000000
https://zonafranca.mx,5000000
https://zonafutbolgt.com,5000000
https://zonagaildesigns.com,5000000
https://zonagolazo.net,5000000
https://zonahack.com.ar,5000000
https://zonahoney.site,5000000
https://zonahospitalaria.com,5000000
https://zonainvita.com,5000000
https://zonaishare.com,5000000
https://zonait.ro,5000000
https://zonalatinaturadioweb.com,5000000
https://zonalogo.com,5000000
https://zonalvaluefinderph.com,5000000
https://zonamaebaby.site,5000000
https://zonamedspa.com,5000000
https://zonamista.com.br,5000000
https://zonamotel.substack.com,5000000
https://zonaouteast.com,5000000
https://zonapagos.com,5000000
https://zonapagos.net,5000000
https://zonapelishd1.blogspot.com,5000000
https://zonaprivadasincnsura.blogspot.com,5000000
https://zonaprivadax.com,5000000
https://zonarentacar.com,5000000
https://zonareward.onyblogs.com,5000000
https://zonario.com,5000000
https://zonasporta.com,5000000
https://zonatacticalrange.com,5000000
https://zonatechgroup.com,5000000
https://zonatool.net,5000000
https://zonatribecany.com,5000000
https://zonatvlibre.com,5000000
https://zonaviral.froviral.com,5000000
https://zonbeachside.com,5000000
https://zonda.dragonforms.com,5000000
https://zondacrypto.com,5000000
https://zondalive.com,5000000
https://zonday.app,5000000
https://zondervanacademic.read.biblemesh.com,5000000
https://zone-check.eu,5000000
https://zone-energy.jp,5000000
https://zone-entertainment.com,5000000
https://zone-in-columbus.hub.arcgis.com,5000000
https://zone-nadir.fandom.com,5000000
https://zone-telechargement-albums.com,5000000
https://zone.centris.ca,5000000
https://zone.ci,5000000
https://zone.conroeisd.net,5000000
https://zone.emitra.net,5000000
https://zone.ikere-west.mlga.ek.gov.ng,5000000
https://zone.ntsafety.com,5000000
https://zone.schooldatebooks.com,5000000
https://zone.tv,5000000
https://zone.undistracted.app,5000000
https://zone.zbnry.com,5000000
https://zone2627.org,5000000
https://zone28.shopwindow.io,5000000
https://zone37airsoft.com,5000000
https://zone60-student.renaissance-go.com,5000000
https://zone61-student.renaissance-go.com,5000000
https://zone911.com,5000000
https://zone99-student.renaissance-go.com,5000000
https://zoneabc.net,5000000
https://zoneagle.us,5000000
https://zoneandco.com,5000000
https://zonebestdeal.com,5000000
https://zoneblitz.com,5000000
https://zonebridgeport.com,5000000
https://zonebu.com,5000000
https://zonecheck.gridics.com,5000000
https://zonecours2.hec.ca,5000000
https://zonederotica.com,5000000
https://zonedigitalenterprise.com,5000000
https://zonedinc.com,5000000
https://zonedisplaycases.com,5000000
https://zonedstorage.io,5000000
https://zonedummy.com,5000000
https://zoneenterprisesusa.com,5000000
https://zoneex.ir,5000000
https://zonefinder.mnps.org,5000000
https://zonefirst.com,5000000
https://zonefitnessclub.com,5000000
https://zonefourclo.com,5000000
https://zonegold.co.ao,5000000
https://zonehead.com,5000000
https://zonehub.lol,5000000
https://zoneindustries.com,5000000
https://zonelets.net,5000000
https://zonelyhub.com,5000000
https://zonemaps.ecisd.us,5000000
https://zonemfc.com,5000000
https://zoneminder.com,5000000
https://zoneminder.readthedocs.io,5000000
https://zoneofgenius.com,5000000
https://zoneonearts.com.au,5000000
https://zonepick.com,5000000
https://zonerealhub.monster,5000000
https://zonerock.ca,5000000
https://zonerspizza.com,5000000
https://zones.echofx.com,5000000
https://zones.fillout.com,5000000
https://zones25b-29.org,5000000
https://zonesgym.com,5000000
https://zoneskincare.co.za,5000000
https://zonesportinggoods.com,5000000
https://zonetelechargement1.click,5000000
https://zonetweak.com,5000000
https://zoneurs.net,5000000
https://zonevapor.com,5000000
https://zonevenue.com,5000000
https://zonewatchpro.com,5000000
https://zonewholesale1.com,5000000
https://zonezplay.com,5000000
https://zongadetect.com,5000000
https://zongaflirt.com,5000000
https://zonghub-gfx.en.softonic.com,5000000
https://zonguebob-and-friends.fandom.com,5000000
https://zonguldak.goturkiye.com,5000000
https://zongyi-li.github.io,5000000
https://zongyunti.com,5000000
https://zongzhii.itch.io,5000000
https://zonhack.com,5000000
https://zoning.det.city,5000000
https://zoning.franklincountyflorida.gov,5000000
https://zoning.gridics.com,5000000
https://zoningpoint.com,5000000
https://zonisade.com,5000000
https://zoniscoalfiredpizza.com,5000000
https://zonister.com,5000000
https://zonitel.com,5000000
https://zonixtrading.com,5000000
https://zonixus.blogspot.com,5000000
https://zonkastifil.digital,5000000
https://zonkers.com,5000000
https://zonkpunch.newgrounds.com,5000000
https://zonkpunch.wtf,5000000
https://zonkshop.com,5000000
https://zonlihome.track123.com,5000000
https://zonlim.com,5000000
https://zonmen-bk.com,5000000
https://zonnaenergy.com,5000000
https://zonnalpay.advancedbancard.com,5000000
https://zonorival.com,5000000
https://zonotechnologies.com,5000000
https://zonpick.space,5000000
https://zonprep.com,5000000
https://zonrate.site,5000000
https://zonsalon.glossgenius.com,5000000
https://zontal.io,5000000
https://zontastore.com,5000000
https://zontausa.org,5000000
https://zontes.co.uk,5000000
https://zontesmexico.com,5000000
https://zontesmotos.com.br,5000000
https://zontesmotos.es,5000000
https://zontsound.com,5000000
https://zonuzaq.ir,5000000
https://zonuzy.com,5000000
https://zonverti.com,5000000
https://zonya.com,5000000
https://zonzondallas.com,5000000
https://zoo-craft-animal-park-tycoon.xsolla.site,5000000
https://zoo-dump.top,5000000
https://zoo-guide.com,5000000
https://zoo-miami.miamitourismtickets.com,5000000
https://zoo-movs.top,5000000
https://zoo-or-oof.fandom.com,5000000
https://zoo-tv-series.fandom.com,5000000
https://zoo-tycoon-movie.fandom.com,5000000
https://zoo.cs.yale.edu,5000000
https://zoo.mos.ru,5000000
https://zoo.tiqets.com,5000000
https://zoo.us,5000000
https://zoo.waw.pl,5000000
https://zoo.wtf,5000000
https://zoo2animalpark.upjers.com,5000000
https://zoo2app.upjers.com,5000000
https://zooandroo.com,5000000
https://zooanimalporn.club,5000000
https://zooanimalpornsex.cool,5000000
https://zooanimalsex.com,5000000
https://zooanimalsex.top,5000000
https://zooanimalsexporn.com,5000000
https://zooart.com.pl,5000000
https://zooatlanta.parkengage.com,5000000
https://zooawesome.com,5000000
https://zooba.fandom.com,5000000
https://zoobank.org,5000000
https://zoobazar.by,5000000
https://zoobe-3d-animated-messages.soft112.com,5000000
https://zoobean.zendesk.com,5000000
https://zoobestialitymovies.com,5000000
https://zoobilee.zendesk.com,5000000
https://zoobitat.org,5000000
https://zoobizarresex.com,5000000
https://zoobles.fandom.com,5000000
https://zoobonus.ua,5000000
https://zoobooksystems.com,5000000
https://zoobudapest.com,5000000
https://zooby.com,5000000
https://zoocasa3.followupboss.com,5000000
https://zoocave.underground.surf,5000000
https://zooceanarium.com,5000000
https://zooceanariumgroupllc.applytojob.com,5000000
https://zooclaw.ai,5000000
https://zooclub.ru,5000000
https://zoocommunity.org,5000000
https://zoocompanytoys.com,5000000
https://zoodbezood.com,5000000
https://zoodealio.zendesk.com,5000000
https://zoodelpirineu.com,5000000
https://zoodernusa.com,5000000
https://zoodick.com,5000000
https://zoodkala.com,5000000
https://zoodkomak.com,5000000
https://zoodkomak.tv,5000000
https://zoodlegame.com,5000000
https://zoodoe.com,5000000
https://zoodom.gob.do,5000000
https://zoodpack.com,5000000
https://zoodrawings.com,5000000
https://zoodvape24.com,5000000
https://zooecomuseum.ca,5000000
https://zooemo.com,5000000
https://zooey.pub,5000000
https://zoofaihu.finance,5000000
https://zoofb.com,5000000
https://zoofilia-achtung.top,5000000
https://zoofiliasexpornmovies.com,5000000
https://zoofiliaxxx.blog,5000000
https://zoofilms.zooo.club,5000000
https://zoofio.com,5000000
https://zooflits.nl,5000000
https://zoofoodandwine.com,5000000
https://zoofreexxx.com,5000000
https://zoofuck24.media,5000000
https://zoofuckfree.com,5000000
https://zoofy.nl,5000000
https://zoog.info,5000000
https://zoogalaktika.ru,5000000
https://zoogle.com,5000000
https://zoohardcore.com,5000000
https://zoohistories.com,5000000
https://zooies.com,5000000
https://zooinform.ru,5000000
https://zook-cabins.aspireiq.com,5000000
https://zookbinders.com,5000000
https://zookcoffee.com,5000000
https://zookdisk.com,5000000
https://zookeeper.apache.org,5000000
https://zookeeper.stanford.edu,5000000
https://zookfishing.com,5000000
https://zooki.com,5000000
https://zookscoffeebar.com,5000000
https://zooksfrenchiesdoxies.com,5000000
https://zookys.com,5000000
https://zookz-p5t5ak0j.toast.site,5000000
https://zoolack.com,5000000
https://zoolander.fandom.com,5000000
https://zoolasvegas.org,5000000
https://zoolatech.com,5000000
https://zoolife.tv,5000000
https://zoologee.com,5000000
https://zoologica.wordpress.com,5000000
https://zoologicalofmilwaukee.bamboohr.com,5000000
https://zoologicalsocietyofnj.org,5000000
https://zoologists-primer-birds.projectdomino67.com,5000000
https://zoology.science.narkive.com,5000000
https://zoology.ubc.ca,5000000
https://zoology0.site,5000000
https://zoology5.site,5000000
https://zoologyzone.org,5000000
https://zoolora.com,5000000
https://zooltech1.com,5000000
https://zoom-boutique.com,5000000
https://zoom-entertainments.co.uk,5000000
https://zoom-lfx.platform.linuxfoundation.org,5000000
https://zoom-rea.com,5000000
https://zoom-tv.fandom.com,5000000
https://zoom-us-zoom.en.uptodown.com,5000000
https://zoom-workplace-hub.appwesome.com,5000000
https://zoom.accounts-receivable.co,5000000
https://zoom.adsmasterclass.ca,5000000
https://zoom.dejobs.org,5000000
https://zoom.en.softonic.com,5000000
https://zoom.fit,5000000
https://zoom.freshideascatalog.com,5000000
https://zoom.instrumentl.com,5000000
https://zoom.iprima.cz,5000000
https://zoom.is,5000000
https://zoom.metabolicsync.health,5000000
https://zoom.miteshkhatri.com,5000000
https://zoom.netatlantic.com,5000000
https://zoom.plsgonow.com,5000000
https://zoom.primeupyour.life,5000000
https://zoom.productboard.com,5000000
https://zoom.rentlynetwork.com,5000000
https://zoom.sfgworks.com,5000000
https://zoom.shop.pbskids.org,5000000
https://zoom.softonic.com,5000000
https://zoom.tagmango.com,5000000
https://zoom.tongji.edu.cn,5000000
https://zoom.truka.com,5000000
https://zoom.ucsd.edu,5000000
https://zoom.unicah.edu,5000000
https://zoom.workvivo.us,5000000
https://zoom50.wordpress.com,5000000
https://zooma.casino,5000000
https://zoomag.ru,5000000
https://zoomaoutlet.com,5000000
https://zoomapi.bet9ja.com,5000000
https://zoomarz.com,5000000
https://zoomatvriding.com,5000000
https://zoomax.com,5000000
https://zoombangla.com,5000000
https://zoombikerental.com,5000000
https://zoombinis.fandom.com,5000000
https://zoombins.co,5000000
https://zoombooks.ca,5000000
https://zoomboola.com,5000000
https://zoombore.com,5000000
https://zoombrooms.com,5000000
https://zoomburst.substack.com,5000000
https://zoombusinessbrokers.com,5000000
https://zoomcar.fr,5000000
https://zoomcare.navexone.com,5000000
https://zoomcare.staffbase.com,5000000
https://zoomcasa.com,5000000
https://zoomchron.com,5000000
https://zoomclk.com,5000000
https://zoomcode.ir,5000000
https://zoomconvert.com,5000000
https://zoomcorder.com,5000000
https://zoomcreditpro.com,5000000
https://zoomd.com,5000000
https://zoomdisposal.com,5000000
https://zoomembroidery.com,5000000
https://zoomer.com,5000000
https://zoomercredit.com,5000000
https://zoomerhistorian.substack.com,5000000
https://zoomerlenses.com,5000000
https://zoomersskateclub.com,5000000
https://zoomex.zendesk.com,5000000
https://zoomexpresslaundry.com,5000000
https://zoomfeedback.qualtrics.com,5000000
https://zoomfield.app,5000000
https://zoomflirts.com,5000000
https://zoomget.com,5000000
https://zoomgov.mil,5000000
https://zoomgroup.org,5000000
https://zoomguide.app,5000000
https://zoomhomelending.com,5000000
https://zoomhub.net,5000000
https://zoomiami.gophoto.pro,5000000
https://zoomidland.org,5000000
https://zoomiesinc.com,5000000
https://zoomiesmushroomsusa.com,5000000
https://zoomiespaperco.com,5000000
https://zoomiesparks.com,5000000
https://zoomify.luc.edu,5000000
https://zoomifydeals.com,5000000
https://zoominbazar.com,5000000
https://zoominfinancial.com,5000000
https://zoominfo.service-now.com,5000000
https://zoomingjapan.com,5000000
https://zoomingroomintampabay.com,5000000
https://zoominvitt.es,5000000
https://zoomkesht.com,5000000
https://zoomleisure.com,5000000
https://zoomlogi.com,5000000
https://zoommotos.mx,5000000
https://zoomodsplus.com,5000000
https://zoomontana.centeredgeonline.com,5000000
https://zoomout.videoludid.com,5000000
https://zoomovs.zooo.club,5000000
https://zoompfs.epaypolicy.com,5000000
https://zoompics.com,5000000
https://zoomplaya.com,5000000
https://zoomprintingusa.com,5000000
https://zoomprofessionalservices.com,5000000
https://zoomprospector.com,5000000
https://zoomrentals.com,5000000
https://zoomridehealth.com,5000000
https://zoomroomlongbeach.site,5000000
https://zoomrx.com,5000000
https://zoomsters.in,5000000
https://zoomthroughthezoo.raceroster.com,5000000
https://zoomtogroom.net,5000000
https://zoomtopia.com,5000000
https://zoomus.com,5000000
https://zoomvideo.pagerduty.com,5000000
https://zoomviteacces.replit.app,5000000
https://zoomwash.com,5000000
https://zoomwishs.com,5000000
https://zoomwv.k12.wv.us,5000000
https://zoomyummy.com,5000000
https://zoomzoomac.com,5000000
https://zoomzoombhph.com,5000000
https://zoomzoomzoom.zapier.app,5000000
https://zooneed.com,5000000
https://zoonewengland.org,5000000
https://zoonika.com,5000000
https://zoonovosib.ru,5000000
https://zooobelives.com,5000000
https://zooog.info,5000000
https://zooom-media-usa.aryeo.com,5000000
https://zooon22.com,5000000
https://zooone.net,5000000
https://zooonenad.store,5000000
https://zoop.com,5000000
https://zoophilia.me,5000000
https://zoophilia.wiki,5000000
https://zoophiliataboo.com,5000000
https://zooplop.github.io,5000000
https://zoopnewz.com,5000000
https://zooporhub.com,5000000
https://zooporn.biz,5000000
https://zooporn.blue,5000000
https://zooporn.cc,5000000
https://zooporn.fun,5000000
https://zooporn.pics,5000000
https://zooporn.ws,5000000
https://zooporn24.cc,5000000
https://zooporno.biz,5000000
https://zooporno.pics,5000000
https://zooporntube.club,5000000
https://zoopornxxx.site,5000000
https://zooprimo.pl,5000000
https://zoops.info,5000000
https://zooqle-official.lol,5000000
https://zooqle.io,5000000
https://zooregon.org,5000000
https://zoornflirts.com,5000000
https://zooroomtechnologies.com,5000000
https://zoosafariusa.org,5000000
https://zoosareus.com,5000000
https://zoosauvage.org,5000000
https://zooscope.group.shef.ac.uk,5000000
https://zoosex.fun,5000000
https://zoosex.gold,5000000
https://zoosex.online,5000000
https://zoosex.site,5000000
https://zoosexart.com,5000000
https://zoosexporn.pet,5000000
https://zoosexporntube.cool,5000000
https://zoosextube.best,5000000
https://zoosexxx.org,5000000
https://zoosexzoo.top,5000000
https://zooshiring.com,5000000
https://zooskool.biz,5000000
https://zooskool.com,5000000
https://zoospedia.com,5000000
https://zoostatus.ru,5000000
https://zooster.pro,5000000
https://zoot.com,5000000
https://zootampa.myshopify.com,5000000
https://zootc.com,5000000
https://zootcoffee.com,5000000
https://zootedbrandz.com,5000000
https://zooteducationalfurniture.co.uk,5000000
https://zootility.com,5000000
https://zootopia-city.fandom.com,5000000
https://zootopia-fanon.fandom.com,5000000
https://zootopia-remake.fandom.com,5000000
https://zootopia-world.fandom.com,5000000
https://zootopia.u2.com,5000000
https://zootoplist.com,5000000
https://zootrack.me,5000000
https://zootracker.app,5000000
https://zootsims1.wordpress.com,5000000
https://zootsolutions.com,5000000
https://zootsuitturgy.sites.ucsc.edu,5000000
https://zootubesex.com,5000000
https://zootycoon.miraheze.org,5000000
https://zootyowlcards.blogspot.com,5000000
https://zoov.dev,5000000
https://zoovetesmipasion.com,5000000
https://zoovisionhub.com,5000000
https://zoovu.com,5000000
https://zooweb.site,5000000
https://zoowg.org,5000000
https://zoowio.com,5000000
https://zoox.cafebonappetit.com,5000000
https://zoox.officespacesoftware.com,5000000
https://zoox.service-now.com,5000000
https://zooxae.com,5000000
https://zooxxx.red,5000000
https://zooyork.com,5000000
https://zoozartstudio.com,5000000
https://zoozavr.ru,5000000
https://zoozlosangeles.com,5000000
https://zoozooanimalpornsex.com,5000000
https://zophi.app,5000000
https://zopigames.com,5000000
https://zopium.neocities.org,5000000
https://zoplyy.com,5000000
https://zopotwock.pl,5000000
https://zoppasindustries.com,5000000
https://zoppe.net,5000000
https://zoqali.ir,5000000
https://zoqcuisine.com,5000000
https://zoquete.carrd.co,5000000
https://zoquete.itch.io,5000000
https://zoquete.newgrounds.com,5000000
https://zora.bg,5000000
https://zoraea.wilddatenow.com,5000000
https://zorafestival.org,5000000
https://zorafx.com,5000000
https://zorafx.io,5000000
https://zoraindustries.com,5000000
https://zorakle.net,5000000
https://zoralakewylie.com,5000000
https://zoralyneia.com,5000000
https://zoranail.com,5000000
https://zorandesignsjewelry.com,5000000
https://zoraraexec.com,5000000
https://zorashouse.com,5000000
https://zorastephenson.weebly.com,5000000
https://zoravexaia.com,5000000
https://zoraweb.com,5000000
https://zorazrw.github.io,5000000
https://zorb.com,5000000
https://zorbagreekeatery.com,5000000
https://zorbagreekrestaurant.com,5000000
https://zorbas.toast.site,5000000
https://zorbasadultshop.com,5000000
https://zorbascafedc.com,5000000
https://zorbaschapin.com,5000000
https://zorbaschapin.hrpos.heartland.us,5000000
https://zorbasgreekcafe.com,5000000
https://zorbasgreekgyro.com,5000000
https://zorbasgreektogo.com,5000000
https://zorbasgrill.com,5000000
https://zorbasnyc.com,5000000
https://zorbasokc.com,5000000
https://zorbathegreektogo.com,5000000
https://zorbent.com,5000000
https://zorbew.sweetchatnoww.com,5000000
https://zorbfabrics.com,5000000
https://zorbportalui.azurewebsites.net,5000000
https://zorbx.com,5000000
https://zorcha.com,5000000
https://zorclan-tekrix.sbs,5000000
https://zoreli.pl,5000000
https://zoremix.icu,5000000
https://zorevixaco.com,5000000
https://zorevra.com,5000000
https://zorewin.cc,5000000
https://zorg.pro,5000000
https://zorgiresells.store,5000000
https://zori.bio,5000000
https://zoriel.shop,5000000
https://zorillagrillz.com,5000000
https://zoringroup.com,5000000
https://zoritoken.setise.com,5000000
https://zork.fandom.com,5000000
https://zorkanews.by,5000000
https://zormeiercosmeticsurgery.com,5000000
https://zornbrewworks.com,5000000
https://zorniteb.itch.io,5000000
https://zoro.co1.qualtrics.com,5000000
https://zoro.narvar.com,5000000
https://zoroastrian.org,5000000
https://zoroastrians.net,5000000
https://zorocomposites.com,5000000
https://zorongo.org,5000000
https://zoroto.tv,5000000
https://zorotv.website,5000000
https://zorpads.com,5000000
https://zorpico.com,5000000
https://zorro.fandom.com,5000000
https://zorroabarrotero.com.mx,5000000
https://zorrobait.com,5000000
https://zorrodaddy.com,5000000
https://zorroporn.pro,5000000
https://zorroscafe.com,5000000
https://zorrpu.com,5000000
https://zorshriners.com,5000000
https://zortrax.com,5000000
https://zortrio.com,5000000
https://zortruco.futbolec.info,5000000
https://zorts.com,5000000
https://zorune.icu,5000000
https://zoruni.top,5000000
https://zoruniverse.info,5000000
https://zorustech.com,5000000
https://zorvant.store,5000000
https://zorvino.orderport.net,5000000
https://zorvion.com,5000000
https://zorvioshop.com,5000000
https://zorvotrix.com,5000000
https://zorvpeptides.com,5000000
https://zorware.freshdesk.com,5000000
https://zorxena.com,5000000
https://zorynax62td.com,5000000
https://zorynexia.info,5000000
https://zoryvexa.com,5000000
https://zoryxn.com,5000000
https://zorzstudios.com,5000000
https://zos-mini-donuts.square.site,5000000
https://zoscloset.com,5000000
https://zosetch.com,5000000
https://zosgoodburger.orderexperience.net,5000000
https://zoshoe.com,5000000
https://zoshoes.shop,5000000
https://zosi.app,5000000
https://zosirema.com,5000000
https://zoskinhealth.narvar.com,5000000
https://zoskinhealth.rec.pro.ukg.net,5000000
https://zoso.ro,5000000
https://zososymbol.com,5000000
https://zosplace.com,5000000
https://zot4plan.com,5000000
https://zota.us,5000000
https://zotapro.com,5000000
https://zotecpartners.applytojob.com,5000000
https://zotefoams-1734537268.teamtailor.com,5000000
https://zotektools.com,5000000
https://zotero-chinese.github.io,5000000
https://zotero.en.softonic.com,5000000
https://zotero.yuque.com,5000000
https://zotesoap.com,5000000
https://zotfile.com,5000000
https://zotfunder.give.uci.edu,5000000
https://zotlo.com,5000000
https://zotm.tebex.io,5000000
https://zotmail.uci.edu,5000000
https://zotregistry.dev,5000000
https://zottospine.com,5000000
https://zotzpower.com,5000000
https://zou.maregionsud.fr,5000000
https://zouas-fresh-egg-rolls.square.site,5000000
https://zoubekproperties.com,5000000
https://zoujituocha.com,5000000
https://zouk.la,5000000
https://zoukgroup.com,5000000
https://zoukhotel.com,5000000
https://zoukmaya.com,5000000
https://zoukteabar.co.uk,5000000
https://zoular.com,5000000
https://zoulproperties.com,5000000
https://zoumzoumparty-us.com,5000000
https://zoundhub.com,5000000
https://zoup-eatery.widget.eagle.bigzpoon.com,5000000
https://zoupbroth.com,5000000
https://zoutons.com,5000000
https://zouxou.com,5000000
https://zova.lol,5000000
https://zovamuse.com,5000000
https://zovatech.co.uk,5000000
https://zovatti.com,5000000
https://zoveosel.today,5000000
https://zoviafragrance.com,5000000
https://zoviera.com,5000000
https://zoviraa.com,5000000
https://zovixa.info,5000000
https://zovlyx.fun,5000000
https://zovrion.com,5000000
https://zovyne.top,5000000
https://zoweetek.cn,5000000
https://zoweetek.com,5000000
https://zowie.benq.eu,5000000
https://zowiegear.benq.com.cn,5000000
https://zowill.com,5000000
https://zoworld.co.in,5000000
https://zox.com,5000000
https://zoxco.customerdesk.io,5000000
https://zoyadesigns.com,5000000
https://zoysiasod.com,5000000
https://zoyya.com,5000000
https://zoze-bitb.digital,5000000
https://zozijewelry.com,5000000
https://zozila.com,5000000
https://zozimus.com,5000000
https://zozitech.com,5000000
https://zozmod.online,5000000
https://zozo123.github.io,5000000
https://zozoflowershop.com,5000000
https://zozogirl.com,5000000
https://zozos-sandwich-house.square.site,5000000
https://zozoskitchen.com,5000000
https://zozosonthebay.com,5000000
https://zozosreno.com,5000000
https://zozossandwichhouse.com,5000000
https://zozostavern.com,5000000
https://zozzno.dreammlove.com,5000000
https://zozzno.toggetherdate.com,5000000
https://zp-secure.oyopay.io,5000000
https://zp.czbank.com.cn,5000000
https://zp.gdou.edu.cn,5000000
https://zp.m-team.io,5000000
https://zp.nju.edu.cn,5000000
https://zp.szu.edu.cn,5000000
https://zp1v56uxy8rdx5ypatb0ockcb9tr6a-oci3--3000--4c73681d.local-credentialless.webcontainer-api.io,5000000
https://zpa.sisurl.com,5000000
https://zpa.tdcj.texas.gov,5000000
https://zpamplona-ui-app.azurewebsites.net,5000000
https://zpayplans.com,5000000
https://zpayz.cn,5000000
https://zpbt.okta.com,5000000
https://zpe.gov.pl,5000000
https://zpgcompanies.appfolio.com,5000000
https://zphc.com,5000000
https://zphib1920.learnupon.com,5000000
https://zphibkiz.com,5000000
https://zpi.com,5000000
https://zpierwszegotloczenia.pl,5000000
https://zpimage.com,5000000
https://zpitomnik.ru,5000000
https://zpjalna.org,5000000
https://zpjpntie.shop,5000000
https://zpk.fantasy6.mobi,5000000
https://zplacer.xyz,5000000
https://zplacesalonspa.com,5000000
https://zplaybet.xyz,5000000
https://zplumberzfranchise.com,5000000
https://zpoint.io,5000000
https://zpost.com,5000000
https://zpp.rospotrebnadzor.ru,5000000
https://zpravsupplies.interstaller-af.dynipv6.de,5000000
https://zpravy.kurzy.cz,5000000
https://zprime.com,5000000
https://zprz.city,5000000
https://zpsarts.anywhereseat.com,5000000
https://zpubdiner.com,5000000
https://zq.wizensbuphaga.shop,5000000
https://zq99299.github.io,5000000
https://zqbaba.org,5000000
https://zqbfzrbyki17.com,5000000
https://zqcollection.com,5000000
https://zqhd.18.cn,5000000
https://zqluo.buzz,5000000
https://zqlym.buzz,5000000
https://zqndvqeuts16.com,5000000
https://zquared.com,5000000
https://zquestclassic.com,5000000
https://zqwl.ghstf.org.cn,5000000
https://zr.formstack.com,5000000
https://zr1.net,5000000
https://zr2zone.com,5000000
https://zradio.com,5000000
https://zrafting.com,5000000
https://zramen5859.com,5000000
https://zrbarbershop.com,5000000
https://zrc.zywave.com,5000000
https://zrc1904.com,5000000
https://zrc1904us.com,5000000
https://zre.com,5000000
https://zrecords.bandcamp.com,5000000
https://zrecyclers.com,5000000
https://zref.pro,5000000
https://zregroup.org,5000000
https://zrelaxspa.com,5000000
https://zrelaya.website,5000000
https://zrelieporno.live,5000000
https://zrelieporno.pics,5000000
https://zrelki.org,5000000
https://zrelki.pro,5000000
https://zreloeporno.fun,5000000
https://zreloeporno.live,5000000
https://zremax.com,5000000
https://zrenjaninski.com,5000000
https://zrent.zendesk.com,5000000
https://zrex.app,5000000
https://zrexpress.com,5000000
https://zrfmlaw.com,5000000
https://zrg.zrbyhelp.com,5000000
https://zrikebrands.com,5000000
https://zrm.mcls.gov.ir,5000000
https://zrmdumpsters.com,5000000
https://zrmy76-r0.happyreturns.com,5000000
https://zroadster.net,5000000
https://zrocderm.com,5000000
https://zrockfm.com,5000000
https://zrockr.com,5000000
https://zrok.io,5000000
https://zrosestudio.itch.io,5000000
https://zrp-rods.com,5000000
https://zrs.my.site.com,5000000
https://zrwlh.buzz,5000000
https://zrx.app,5000000
https://zrzy.tianditu.gov.cn,5000000
https://zrzyhgh.wuhan.gov.cn,5000000
https://zrzyt.hubei.gov.cn,5000000
https://zrzyt.xinjiang.gov.cn,5000000
https://zs-team-30.adalo.com,5000000
https://zs.baoan.edu.cn,5000000
https://zs.biaya.co.id,5000000
https://zs.caramenjadi.com,5000000
https://zs.cpta.com.cn,5000000
https://zs.kaipuyun.cn,5000000
https://zs.mot.gov.cn,5000000
https://zs.newhaven.edu,5000000
https://zs.njust.edu.cn,5000000
https://zs.safariwest.org,5000000
https://zs.spencoshoessale.com,5000000
https://zs.suat-sz.edu.cn,5000000
https://zs.uccs.edu,5000000
https://zs.xmu.edu.cn,5000000
https://zs.zbj.com,5000000
https://zs1.spencoshoessale.com,5000000
https://zs2technologies.com,5000000
https://zs3.biaya.co.id,5000000
https://zsa.frank-cdn.uk,5000000
https://zsaautosales.com,5000000
https://zsafashion.com,5000000
https://zsattorneys.com,5000000
https://zsautodetaildfw.com,5000000
https://zsavooz.com,5000000
https://zsazsas.com,5000000
https://zsb.fanlink.tv,5000000
https://zsb.jlu.edu.cn,5000000
https://zsb.jnu.edu.cn,5000000
https://zsb.ustc.edu.cn,5000000
https://zsbar.alohaorderonline.com,5000000
https://zsbar.com,5000000
https://zsbrands.com,5000000
https://zsbsupport.zebra.com,5000000
https://zsbubbletea.com,5000000
https://zsc.github.io,5000000
https://zscaler.cmlabs.skytap.com,5000000
https://zscaler.conductor.one,5000000
https://zscaler.insidebrady.com,5000000
https://zscaler.kiongroup.com,5000000
https://zscaler.my.site.com,5000000
https://zscaler.nml.com,5000000
https://zscaler.wistia.com,5000000
https://zscalerext.okta.com,5000000
https://zscc.ai,5000000
https://zscentertainment.com,5000000
https://zscore.chboston.org,5000000
https://zscx.neea.edu.cn,5000000
https://zscx.osta.org.cn,5000000
https://zsdfest.ru,5000000
https://zsdiamanti.com,5000000
https://zsdiamanti.store,5000000
https://zsds3.zepinc.com,5000000
https://zse.hr,5000000
https://zse.pensoft.net,5000000
https://zselvoriaxhub.world,5000000
https://zsentry.com,5000000
https://zserbo.com,5000000
https://zserge.com,5000000
https://zsexteriors.com,5000000
https://zsf5hqmjksyn.com,5000000
https://zsfg.ucsf.edu,5000000
https://zsfgdgim.ucsf.edu,5000000
https://zsfgsurgery.ucsf.edu,5000000
https://zsfloortech.com,5000000
https://zsg.dk,5000000
https://zsgreek.com,5000000
https://zsgtalent.com,5000000
https://zsgz.njau.edu.cn,5000000
https://zsh.sourceforge.io,5000000
https://zshashag.store,5000000
https://zshb.top,5000000
https://zsher.com,5000000
https://zshop.vn,5000000
https://zshopp.com,5000000
https://zsidai.com,5000000
https://zsido.com,5000000
https://zsilver-ridge-golf-course.book.teeitup.com,5000000
https://zsilverinc.com,5000000
https://zsitchinindex.wordpress.com,5000000
https://zskamerica.com,5000000
https://zslang.com,5000000
https://zslaw.com,5000000
https://zsmainstreet.com,5000000
https://zsn.zycus.com,5000000
https://zsnes.com,5000000
https://zsogarment.com,5000000
https://zsoro.medium.com,5000000
https://zsp.99panel.top,5000000
https://zsp1.luzdelsur.com.pe,5000000
https://zspace.com,5000000
https://zspace.zoominfo.com,5000000
https://zspecialtyfood.com,5000000
https://zspeed-cdn.com,5000000
https://zsport.com,5000000
https://zspslezaki.pl,5000000
https://zsrbapp.zsnews.cn,5000000
https://zsrengines.com,5000000
https://zsrtp.link,5000000
https://zsrx.chpedu.cn,5000000
https://zsrx.whebd.cn,5000000
https://zss.com,5000000
https://zssom.sysu.edu.cn,5000000
https://zsswiatniki.pl,5000000
https://zst.cjcp.cn,5000000
https://zstackle.com,5000000
https://zstereo.co.uk,5000000
https://zstevenwu.com,5000000
https://zsthost.com,5000000
https://zstock.ru,5000000
https://zstonecreations.com,5000000
https://zstreetpizza.com,5000000
https://zstringmusic.com,5000000
https://zstronicsprivacypolicy.blogspot.com,5000000
https://zstu.at0086.cn,5000000
https://zstudiotulsa.com,5000000
https://zsugar-creek-golf-course.book.teeitup.golf,5000000
https://zsuite.s3.us-east-2.amazonaws.com,5000000
https://zsuzsaisinthekitchen.blogspot.com,5000000
https://zsw.wapdramareel.com,5000000
https://zsws.com,5000000
https://zsymys.blogspot.com,5000000
https://zsyyb.cn,5000000
https://zszb5.com,5000000
https://zszprofit.edu.pl,5000000
https://zszs.lingxigames.com,5000000
https://zszznf.com,5000000
https://zt.cams.eporner.com,5000000
https://zt.coinmill.com,5000000
https://zt.delta.com,5000000
https://zt.emblemhealth.com,5000000
https://zt.epwk.com,5000000
https://zt.hotzcam.com,5000000
https://zt.huya.com,5000000
https://zt.myavlive.com,5000000
https://zt.replicon.com,5000000
https://zt.tasticphoto.com,5000000
https://zt.vsp.com,5000000
https://zt.xhamsterlive.com,5000000
https://zt.zbj.com,5000000
https://zta.crowdchange.co,5000000
https://zta.nubank.world,5000000
https://ztable.io,5000000
https://ztaglia.com,5000000
https://ztauctions.com,5000000
https://ztawebapps-cloud.teslamotors.com,5000000
https://ztb6m7ir8vm.typeform.com,5000000
https://ztbaseball.com,5000000
https://ztcma00gihj.typeform.com,5000000
https://ztcorporate.com,5000000
https://ztcprep.com,5000000
https://ztcyoas.neocities.org,5000000
https://ztd.fandom.com,5000000
https://zte.cinvex.us,5000000
https://zteam.churchcenter.com,5000000
https://ztechnaperville.com,5000000
https://ztest.ai,5000000
https://ztest.cc,5000000
https://ztestcalculator.com,5000000
https://ztevetevans.wordpress.com,5000000
https://ztflh.xhma.com,5000000
https://ztfquiz.com,5000000
https://ztk01.tango.jhapaycenter.com,5000000
https://ztlabels.com,5000000
https://ztlido.com,5000000
https://ztlmaps.com,5000000
https://ztn.jp.feishu.cn,5000000
https://ztoky-os.zto56.com,5000000
https://ztp.krakow.pl,5000000
https://ztprospectsacademy.com,5000000
https://ztqbh.gamesrelaxed.com,5000000
https://ztranslate.net,5000000
https://ztrecords.com,5000000
https://ztronyx.com,5000000
https://ztrpuffer.com,5000000
https://ztruck.ir,5000000
https://ztrust.citicsinfo.com,5000000
https://zts.asdjwj.cn,5000000
https://ztscompany.com,5000000
https://ztsg.pages.dev,5000000
https://ztshpt-cs.myshopify.com,5000000
https://ztsy.whqsq.xyz,5000000
https://ztsystems.com,5000000
https://ztsystems.okta.com,5000000
https://ztto.net,5000000
https://ztujo.com,5000000
https://ztul.itch.io,5000000
https://ztunesmusic.opus1.io,5000000
https://ztweaks-3.myshopify.com,5000000
https://ztweaks.com,5000000
https://ztwesc.com,5000000
https://ztxreport.com,5000000
https://ztxxk.com,5000000
https://ztxz.org.cn,5000000
https://ztylez.com,5000000
https://ztype.com,5000000
https://ztysgdcm.itch.io,5000000
https://zu-is-here.tumblr.com,5000000
https://zu.edu.pk,5000000
https://zu.fang.com,5000000
https://zu.mk,5000000
https://zu.ru,5000000
https://zu.wikipedia.org,5000000
https://zu28ffrrr3.com,5000000
https://zu29ffu889f.com,5000000
https://zuanfa.en.alibaba.com,5000000
https://zuarepa.com,5000000
https://zuasolafuneralhomesnj.com,5000000
https://zuazofloral.com,5000000
https://zub.ru,5000000
https://zubaidas.com,5000000
https://zubaidasonline.com,5000000
https://zubalenok-courses.com,5000000
https://zubalenok.kwiga.com,5000000
https://zubatkin.com,5000000
https://zubbhelp.com,5000000
https://zubbpay.com,5000000
https://zubek.co,5000000
https://zuberfizz.com,5000000
https://zuberlawler.com,5000000
https://zubersoft.com,5000000
https://zubiesdrydock.com,5000000
https://zubile.com,5000000
https://zubindoshi.com,5000000
https://zubistacokitchen.com,5000000
https://zubits.com,5000000
https://zubkoff-law.com,5000000
https://zublerusa.com,5000000
https://zublet.com,5000000
https://zublo.shop,5000000
https://zubowicz.com,5000000
https://zubrmaz.ru,5000000
https://zubrowka-vodka.com,5000000
https://zubtitle.com,5000000
https://zubuy.blogspot.com,5000000
https://zubyza1den.com,5000000
https://zucalu.digital,5000000
https://zucavet.top,5000000
https://zucca100.com,5000000
https://zuccagastrobar.com,5000000
https://zuccairegallery.stonybrook.edu,5000000
https://zuccamiami.com,5000000
https://zuccardiwines.com,5000000
https://zuccarellieast.com,5000000
https://zuccarellipizza.com,5000000
https://zuccarellis.com,5000000
https://zuccherocanada.ca,5000000
https://zuccherodarien.com,5000000
https://zucchinikabachok.itch.io,5000000
https://zucchinisrestaurant.com,5000000
https://zucchinisummeretsy.blogspot.com,5000000
https://zucchipizza.com,5000000
https://zucchs.com,5000000
https://zucic.fit-tw.com,5000000
https://zucker.ccsdschools.com,5000000
https://zucker.northwell.edu,5000000
https://zuckeracademy.org,5000000
https://zuckerellos.com,5000000
https://zuckerhebrewacademy.org,5000000
https://zuckerjewishacademy.org,5000000
https://zuckermaninstitute.my.canva.site,5000000
https://zuckermaninvestmentgroup.com,5000000
https://zuckermanplasticsurgery.com,5000000
https://zuckermanstem.org,5000000
https://zucklaw.com,5000000
https://zuckvmusk.com,5000000
https://zuckwatch.com,5000000
https://zudal8.cyou,5000000
https://zuddles.com,5000000
https://zudikq.cyou,5000000
https://zudio.karnival.com,5000000
https://zudkb1.cyou,5000000
https://zudodt.cyou,5000000
https://zudpsc.cyou,5000000
https://zuefgesl.today,5000000
https://zuehlkeinspections.com,5000000
https://zuercherlaw.com,5000000
https://zues-studio.itch.io,5000000
https://zues.com,5000000
https://zueswin.vip,5000000
https://zufanbets.com,5000000
https://zufang.ababtools.com,5000000
https://zufengw.github.io,5000000
https://zufile.com,5000000
https://zugallery.com,5000000
https://zugboard.com,5000000
https://zugevape.com,5000000
https://zuglist.cc,5000000
https://zugobike.com,5000000
https://zugopet.com,5000000
https://zugspitze.panomax.com,5000000
https://zugspitze.skiperformance.com,5000000
https://zugw0t.dex7uphd.shop,5000000
https://zuhaldes.life,5000000
https://zuhdae.substack.com,5000000
https://zuhglife.com,5000000
https://zuhne.com,5000000
https://zui8e2.cyou,5000000
https://zuiai.tv,5000000
https://zuicec.cyou,5000000
https://zuicool.com,5000000
https://zuidafrika.nl,5000000
https://zuidouyin.com,5000000
https://zuihitsu2016.wordpress.com,5000000
https://zuiimaskin.com,5000000
https://zuiter.cyou,5000000
https://zuits.zju.edu.cn,5000000
https://zuiug7.cyou,5000000
https://zuiveramsterdam.nl,5000000
https://zuivks.cyou,5000000
https://zuixjs.github.io,5000000
https://zujuan.21cnjy.com,5000000
https://zukababy.com,5000000
https://zukaheadspa.com,5000000
https://zukahibachicatering.com,5000000
https://zukerman-law.com,5000000
https://zukidowntown.com,5000000
https://zukinrealtyinc.com,5000000
https://zukispita.com,5000000
https://zukisushihousemacedonia.com,5000000
https://zukkacycle.com,5000000
https://zukkusushi.olo.com,5000000
https://zukkytaiwan.com,5000000
https://zukong.xyz,5000000
https://zukos-pizza.com,5000000
https://zukunftswohnen.eu,5000000
https://zula.sg,5000000
https://zulabwylie.bywatersolutions.com,5000000
https://zulacasino.web.amer-1.jumio.ai,5000000
https://zulachat.com,5000000
https://zuladen.org,5000000
https://zulagrill.com,5000000
https://zulamodernmedspa.com,5000000
https://zulcafeandgrill.com,5000000
https://zulemen.com,5000000
https://zuleyka.net,5000000
https://zuli.gumroad.com,5000000
https://zuliavallenata.com,5000000
https://zulidirectcare.com,5000000
https://zulie.medium.com,5000000
https://zulily.treet.co,5000000
https://zulip.readthedocs.io,5000000
https://zulkasugar.com,5000000
https://zulko.github.io,5000000
https://zulkscodex.vercel.app,5000000
https://zultimate.com,5000000
https://zulu.zscaler.com,5000000
https://zulu24.square.site,5000000
https://zulualilaw.com,5000000
https://zuluandzephyr.com,5000000
https://zuludesks.com,5000000
https://zululandtv.com,5000000
https://zululion.com,5000000
https://zulumap.com,5000000
https://zulunylongear.com,5000000
https://zuluoutdoors.com,5000000
https://zulusgames.net,5000000
https://zulustcg.tcgplayerpro.com,5000000
https://zulutime.net,5000000
https://zum.selco.libdiscovery.org,5000000
https://zuma.en.softonic.com,5000000
https://zuma.press,5000000
https://zumaandsons.com,5000000
https://zumacontracting.com,5000000
https://zumaimports.com,5000000
https://zumapress.com,5000000
https://zumayasmexicancafe.com,5000000
https://zumba-consumer-app.maz.tv,5000000
https://zumbaapparel.happyreturns.com,5000000
https://zumbacards.com,5000000
https://zumbadortequila.com,5000000
https://zumbako.com,5000000
https://zumbiniwithallie.com,5000000
https://zumbrofallsgolfclub.com,5000000
https://zumbrofallsmn.org,5000000
https://zumbrota.com,5000000
https://zumbrotagolfclub.com,5000000
https://zumbrotastatetheatre.org,5000000
https://zumbrovalleygolfcourse.com,5000000
https://zume-n.com,5000000
https://zume.training,5000000
https://zumedelweiss254.com,5000000
https://zumibike.com,5000000
https://zumigo.com,5000000
https://zumipic.com,5000000
https://zummar.com,5000000
https://zummi.io,5000000
https://zummocorp.com,5000000
https://zumo.com,5000000
https://zumods.com,5000000
https://zumouserforums.co.uk,5000000
https://zumradio.com,5000000
https://zums.ac.ir,5000000
https://zumthor.bjorkan.no,5000000
https://zumtobel.us,5000000
https://zumtreffpunkt.us,5000000
https://zumzirkelwirt.at,5000000
https://zumzumcapoeirashop.com,5000000
https://zunabet.com,5000000
https://zunairateli.com,5000000
https://zunanightclub.com,5000000
https://zunashoes.com,5000000
https://zundoramenms.com,5000000
https://zundrus.com,5000000
https://zunelix.icu,5000000
https://zunessewingtherapy.com,5000000
https://zunews.com,5000000
https://zunex.sbs,5000000
https://zunexpestcontrol.com,5000000
https://zunexrestaurantandseafoodbar.com,5000000
https://zunifetishgallery.com,5000000
https://zunifishandwildlife.org,5000000
https://zunigataxservice.org,5000000
https://zunil.itch.io,5000000
https://zuninnasstyle.my.canva.site,5000000
https://zuniro.info,5000000
https://zunirvpark.com,5000000
https://zunishoppingcenter.revelup.online,5000000
https://zunko.jp,5000000
https://zunogame.com,5000000
https://zunpcprueba.tur.cu,5000000
https://zunta.com,5000000
https://zuntravoq.com,5000000
https://zunveyl.com,5000000
https://zunx.site,5000000
https://zunzunbee.com,5000000
https://zuojia.write.qq.com,5000000
https://zuops.com,5000000
https://zuora-it.atlassian.net,5000000
https://zuora.at.okta.com,5000000
https://zuora.my.salesforce.com,5000000
https://zuout.com,5000000
https://zuoyebang.com,5000000
https://zup.com,5000000
https://zup.kids,5000000
https://zuper-tv.es.aptoide.com,5000000
https://zuplo.com,5000000
https://zupmed.com,5000000
https://zuppacucina.kulacart.net,5000000
https://zuppamansandusky.com,5000000
https://zuppardisapizza.goldbelly.com,5000000
https://zupparestaurant.com,5000000
https://zuppas--delicatessen.square.site,5000000
https://zuppasdeli.com,5000000
https://zuppler-static.netlify.app,5000000
https://zupria.com,5000000
https://zups.com,5000000
https://zupsguideservice.com,5000000
https://zuptime.com,5000000
https://zuqsp-zgph.maillist-manage.com,5000000
https://zur-kazan.ru,5000000
https://zurabio.com,5000000
https://zurablooms.com,5000000
https://zurb.com,5000000
https://zurbrigg.com,5000000
https://zurcheel.com,5000000
https://zurel.app,5000000
https://zuremod.com,5000000
https://zuresh.com,5000000
https://zuri.com,5000000
https://zuribyzainab.com,5000000
https://zurich-na-prod02.okta.com,5000000
https://zurich.fivehotelsandresorts.com,5000000
https://zurich.knowledgetransfer.us,5000000
https://zurich.maintenanceprogram.com,5000000
https://zurich.my.salesforce-sites.com,5000000
https://zurich.okta-emea.com,5000000
https://zurich.shopdutyfree.com,5000000
https://zurich.yello.co,5000000
https://zurichbc.ehr.com,5000000
https://zurichgolfclassic.com,5000000
https://zurichhomes.com,5000000
https://zurichmaratobarcelona.es,5000000
https://zurichna.jobs,5000000
https://zurichri.zurichna.com,5000000
https://zurigardens.com,5000000
https://zurigroup.com,5000000
https://zurii.store,5000000
https://zurikitty.booth.pm,5000000
https://zurikitty.fanbox.cc,5000000
https://zurimedspa.com,5000000
https://zuripaigames.itch.io,5000000
https://zuritainnye.com,5000000
https://zurkate.com,5000000
https://zurkdesign.tumblr.com,5000000
https://zurletzteninstanz.com,5000000
https://zurna.ai,5000000
https://zurna98.com,5000000
https://zurnal.pravda.sk,5000000
https://zurnco.com,5000000
https://zurnwatersolutions.qualtrics.com,5000000
https://zuroencantador.itch.io,5000000
https://zurqui.com,5000000
https://zursunbeans.com,5000000
https://zuru.com,5000000
https://zurube.top,5000000
https://zuruedge.com,5000000
https://zururamenbar.com,5000000
https://zururamenbobaocala.com,5000000
https://zururu.com,5000000
https://zurzosha.94-16-31-161.anyip.dev,5000000
https://zusa.com,5000000
https://zusammengebaut.com,5000000
https://zuschlag.com,5000000
https://zuse-b8h9efdraab5ajf7.z02.azurefd.net,5000000
https://zushealth.com,5000000
https://zushialaska.com,5000000
https://zushibistro.com,5000000
https://zushimesa.com,5000000
https://zusott.com,5000000
https://zust4real.in,5000000
https://zustand-demo.pmnd.rs,5000000
https://zustand.docs.pmnd.rs,5000000
https://zutacore.com,5000000
https://zutagroup.com,5000000
https://zutapoke.com,5000000
https://zutoi.buzz,5000000
https://zutrix.com,5000000
https://zutter.com,5000000
https://zuttofire.com,5000000
https://zuttonyc.com,5000000
https://zuub.com,5000000
https://zuubly.com,5000000
https://zuug.app,5000000
https://zuuks.com,5000000
https://zuumtech.com,5000000
https://zuvichlaw.com,5000000
https://zuvio.mx,5000000
https://zuwafamilycare.com,5000000
https://zuyaw.digital,5000000
https://zuzapthai.com,5000000
https://zuzasway.com,5000000
https://zuzick.com,5000000
https://zuzpayj.cc,5000000
https://zuzuforkids.com,5000000
https://zuzukitchen.com,5000000
https://zuzulcoastalcuisine.com,5000000
https://zuzumomo.com,5000000
https://zuzupuzzle.com,5000000
https://zuzzurestaurant.com,5000000
https://zv-games.itch.io,5000000
https://zv.market,5000000
https://zvartnots.aero,5000000
https://zvbl.leaguehaven.com,5000000
https://zvbl.org,5000000
https://zvbxrpl.blogspot.com,5000000
https://zvelo.com,5000000
https://zvenigorod.cian.ru,5000000
https://zvetnoe.ru,5000000
https://zvez-dec.ru,5000000
https://zvezda-kino.ru,5000000
https://zvezda.org.ru,5000000
https://zvezdaweekly.ru,5000000
https://zvezdia.tumblr.com,5000000
https://zvideosx.com,5000000
https://zvirata.bazos.cz,5000000
https://zvitor.com,5000000
https://zvka.ru,5000000
https://zvldagifs.tumblr.com,5000000
https://zvmme.buzz,5000000
https://zvodrwwybz.6czvdq506o.net,5000000
https://zvon.top,5000000
https://zvona.net,5000000
https://zvonili.com,5000000
https://zvonko.link,5000000
https://zvonook.ru,5000000
https://zvonr.ru,5000000
https://zvoxaudio.us10.list-manage.com,5000000
https://zvrheirlooms.com,5000000
https://zvsgct.impvhuss.shop,5000000
https://zvukitop.com,5000000
https://zvyki.com,5000000
https://zvytour.com,5000000
https://zw.iherb.com,5000000
https://zw.linkedin.com,5000000
https://zw.maptons.com,5000000
https://zw.osseoschools.org,5000000
https://zw.usembassy.gov,5000000
https://zw.youtubers.me,5000000
https://zw2a.cupidnets.com,5000000
https://zw2a.datequest.online,5000000
https://zwag.gg,5000000
https://zwander.dev,5000000
https://zwanfoods.com,5000000
https://zwartcrow.itch.io,5000000
https://zwave-js.github.io,5000000
https://zwavedistro.com,5000000
https://zwcc.or.tz,5000000
https://zwconference.org,5000000
https://zwebenlawgroup.com,5000000
https://zweberfarms.com,5000000
https://zweetshop.com,5000000
https://zweifel-motors.com,5000000
https://zweiglist.com,5000000
https://zweiinc.com,5000000
https://zwelda.com,5000000
https://zwelisekhaya.com,5000000
https://zwelldental.com,5000000
https://zwes.lemonproxyon.com,5000000
https://zwfw.cq.gov.cn,5000000
https://zwfw.dg.gov.cn,5000000
https://zwfw.dl.gov.cn,5000000
https://zwfw.fgj.hangzhou.gov.cn,5000000
https://zwfw.fujian.gov.cn,5000000
https://zwfw.fujian.gov.cn:1001,5000000
https://zwfw.guizhou.gov.cn,5000000
https://zwfw.gxzf.gov.cn,5000000
https://zwfw.gzonline.gov.cn,5000000
https://zwfw.hebei.gov.cn,5000000
https://zwfw.mca.gov.cn,5000000
https://zwfw.mct.gov.cn,5000000
https://zwfw.moe.gov.cn,5000000
https://zwfw.msa.gov.cn,5000000
https://zwfw.nhc.gov.cn,5000000
https://zwfw.nmg.gov.cn,5000000
https://zwfw.rst.fujian.gov.cn,5000000
https://zwfw.samr.gov.cn,5000000
https://zwfw.shenyang.gov.cn,5000000
https://zwfw.tj.gov.cn,5000000
https://zwfw.xinjiang.gov.cn,5000000
https://zwfw.yn.gov.cn,5000000
https://zwgk.mct.gov.cn,5000000
https://zwgk.shcn.gov.cn,5000000
https://zwgk.shmh.gov.cn,5000000
https://zwh.qywjy.com,5000000
https://zwickssunshinecorgis.com,5000000
https://zwidp.xtu.edu.cn,5000000
https://zwifthub.com,5000000
https://zwillgen.hire.trakstar.com,5000000
https://zwilling.cashstar.com,5000000
https://zwillo.com,5000000
https://zwinds.com,5000000
https://zwingliusredivivus.wordpress.com,5000000
https://zwink.kleinisd.net,5000000
https://zwiq.store,5000000
https://zwitafoods.com,5000000
https://zwitterco.com,5000000
https://zwless.com,5000000
https://zwm.zcs.k12.in.us,5000000
https://zwnav.net,5000000
https://zwolletamalefiesta.com,5000000
https://zwsr.org,5000000
https://zwt233.github.io,5000000
https://zwu6gocaiau.typeform.com,5000000
https://zwzn-tech.com,5000000
https://zx-ta.tumblr.com,5000000
https://zx.500.com,5000000
https://zx.sina.cn,5000000
https://zx1.deepwl.net,5000000
https://zx27us.com,5000000
https://zx6.site,5000000
https://zxart.ee,5000000
https://zxbasic.readthedocs.io,5000000
https://zxbl.sczwfw.gov.cn,5000000
https://zxbm.tjtalents.com.cn,5000000
https://zxchub.com,5000000
https://zxcprime.icu,5000000
https://zxcs.info,5000000
https://zxcstream.online,5000000
https://zxcstxt.com,5000000
https://zxctube.com,5000000
https://zxcv.fanbox.cc,5000000
https://zxdemon.itch.io,5000000
https://zxdoll.com,5000000
https://zxdy5.top,5000000
https://zxfps.com,5000000
https://zxgly.itch.io,5000000
https://zxh.xurkxcz.com,5000000
https://zxing.appspot.com,5000000
https://zxjg.samr.gov.cn,5000000
https://zxmeets.com,5000000
https://zxmoto.me,5000000
https://zxp.artron.net,5000000
https://zxpc.us,5000000
https://zxpinstaller.com,5000000
https://zxptech.com,5000000
https://zxr0xbg4tk3.feishu.cn,5000000
https://zxsgames.vip,5000000
https://zxsj.wanmei.com,5000000
https://zxts.zjzwfw.gov.cn,5000000
https://zxv975.github.io,5000000
https://zxx.bet,5000000
https://zxxgaming.com,5000000
https://zxxs.moe.edu.cn,5000000
https://zxy2.ayesmci.cn,5000000
https://zxy2.dihqgk.cn,5000000
https://zxy2.hbdapdp.cn,5000000
https://zxy2.ipdxmiy.cn,5000000
https://zxy2.jnmyegu.cn,5000000
https://zxy2.mfnmrds.cn,5000000
https://zxy2.olzvrg.cn,5000000
https://zxy2.thmptxry.cn,5000000
https://zxy2.yxhcdkj.cn,5000000
https://zxy2.zbsdipn.cn,5000000
https://zxy2.ziecfjsf.cn,5000000
https://zxy2.zyubbkc.cn,5000000
https://zxy9.zhixueyun.com,5000000
https://zxz.linggx365.cn,5000000
https://zxz9999.net,5000000
https://zxzj.sheitc.sh.gov.cn,5000000
https://zxzx.bjtzeduyun.com,5000000
https://zy.21cnjy.com,5000000
https://zy.weiaj.com,5000000
https://zy1.a1028.cc,5000000
https://zy351.infusionsoft.app,5000000
https://zyac-store.com,5000000
https://zyaglibrary.biblionix.com,5000000
https://zyalpha.com,5000000
https://zyamer.ru,5000000
https://zyararestaurantnyc.com,5000000
https://zybfpx.com,5000000
https://zybjk.buzz,5000000
https://zybrzeus.com,5000000
https://zybsmedicalgroup.com,5000000
https://zyciegwiazd.dziennik.pl,5000000
https://zycle.bike,5000000
https://zycle.eu,5000000
https://zycoat.com,5000000
https://zycubo.com,5000000
https://zycus.talismatic.com,5000000
https://zyd.cdutcm.edu.cn,5000000
https://zydecoevents.com,5000000
https://zydecoextra.com,5000000
https://zydecohermann.com,5000000
https://zydecolouisianadiner.com,5000000
https://zydecos-restaurant.placejoys.com,5000000
https://zydushospitals.com,5000000
https://zyduslife.com,5000000
https://zydustx.com,5000000
https://zydx.top,5000000
https://zyflix.com,5000000
https://zyflix.vercel.app,5000000
https://zyfora.com,5000000
https://zygaro.substack.com,5000000
https://zyger.net,5000000
https://zygisk.com,5000000
https://zygle.digital,5000000
https://zygma.in,5000000
https://zygmapolishdeli.com,5000000
https://zygo.co.il,5000000
https://zygonacademy.com,5000000
https://zygotape.com,5000000
https://zygote.cafe,5000000
https://zygotegastro.d21fbtv03tdw23.amplifyapp.com,5000000
https://zygotepress.org,5000000
https://zyhobby.com,5000000
https://zyhomy.com,5000000
https://zying.net,5000000
https://zyj.beijing.gov.cn,5000000
https://zyk.icve.com.cn,5000000
https://zyka.ai,5000000
https://zykafusion.com,5000000
https://zykeband.com,5000000
https://zyku.org,5000000
https://zyla.com,5000000
https://zylaheadspa.glossgenius.com,5000000
https://zylariq.com,5000000
https://zylberschtein.com,5000000
https://zyleon.lol,5000000
https://zylin.sbs,5000000
https://zylinski.se,5000000
https://zyllion.com,5000000
https://zyllvo.com,5000000
https://zylo.okta.com,5000000
https://zylopouch.com,5000000
https://zylorix.online,5000000
https://zylos-us.com,5000000
https://zylotus.com,5000000
https://zylox.dev,5000000
https://zylvie.com,5000000
https://zymarine.com,5000000
https://zymeridian.com,5000000
https://zymictaste.dsgi6e6x4d3c0.amplifyapp.com,5000000
https://zyminex.net,5000000
https://zymochem.applytojob.com,5000000
https://zymologykitchen.d3g2zi2dkzlfhn.amplifyapp.com,5000000
https://zymotechnic.d2u8s0th4xyr4v.amplifyapp.com,5000000
https://zymurcracybeer.com,5000000
https://zymurgybrew.com,5000000
https://zyn.ca,5000000
https://zyn505.itch.io,5000000
https://zynalgo.com,5000000
https://zynaro.livedirects.com,5000000
https://zyndalife.com,5000000
https://zynellainterior.com,5000000
https://zynellakitchen.com,5000000
https://zyner.io,5000000
https://zynerahealth.com,5000000
https://zynergiahr.myisolved.com,5000000
https://zynexiocashvorahub.com.es,5000000
https://zynexmed.investorroom.com,5000000
https://zynexmed.rec.pro.ukg.net,5000000
https://zynexmedical.formstack.com,5000000
https://zynflex.site,5000000
https://zynfully.com,5000000
https://zynga.okta.com,5000000
https://zynga.zoom.us,5000000
https://zyngasupport.zendesk.com,5000000
https://zynirox.com,5000000
https://zynkora54wl.com,5000000
https://zynniacollective.com,5000000
https://zyno.cx,5000000
https://zynowin.com,5000000
https://zynoxshop.com,5000000
https://zynq.io,5000000
https://zynthian.org,5000000
https://zynthoric.neocities.org,5000000
https://zyntracosmetics.com,5000000
https://zyo.lol,5000000
https://zyo.se,5000000
https://zyonixgaming.github.io,5000000
https://zyonvr.gumroad.com,5000000
https://zyoptics.net,5000000
https://zyorna.ru,5000000
https://zyougi.com,5000000
https://zypage.com,5000000
https://zyphora.livedirects.com,5000000
https://zypod.ir,5000000
https://zyppbptycg7.com,5000000
https://zyppy.com,5000000
https://zyppy.it,5000000
https://zyprun.com,5000000
https://zypto.com,5000000
https://zyptoplay.com,5000000
https://zyraaa.store,5000000
https://zyracapital.io,5000000
https://zyraonline.org,5000000
https://zyraubit.myreviewsite.net,5000000
https://zyrix.us,5000000
https://zyrmelo.vu,5000000
https://zyros.com,5000000
https://zyrptic.itch.io,5000000
https://zyscj.com,5000000
https://zyscovich.com,5000000
https://zysume.net,5000000
https://zyter.ai,5000000
https://zytercms.gov.hosted.health,5000000
https://zythorin.com,5000000
https://zytiva.com,5000000
https://zyto.auth0.com,5000000
https://zytoontech.com,5000000
https://zytoun.com,5000000
https://zytronsharp.com,5000000
https://zyugoya.fanbox.cc,5000000
https://zyvetusa.com,5000000
https://zyvvano.com,5000000
https://zywave.cventevents.com,5000000
https://zywave.my.site.com,5000000
https://zyweara.com,5000000
https://zywie-patient.payvela.com,5000000
https://zywie-patientbilling.payvela.com,5000000
https://zyxentra.com,5000000
https://zyxreign.newgrounds.com,5000000
https://zyxyas.wixsite.com,5000000
https://zyzexyt.itch.io,5000000
https://zyzoom.net,5000000
https://zyzypeter.github.io,5000000
https://zz-play.forgeofempires.com,5000000
https://zz-shop.booth.pm,5000000
https://zz.bendibao.com,5000000
https://zz.hnzwfw.gov.cn,5000000
https://zz.ke.com,5000000
https://zz.sodanav.com,5000000
https://zz.woa.com,5000000
https://zz.xtu.edu.cn,5000000
https://zz.zxxk.com,5000000
https://zz123.com,5000000
https://zzaamkokeemidlo.com,5000000
https://zzaamrestaurant.com,5000000
https://zzafactory.com,5000000
https://zzamongrestaurant.com,5000000
https://zzaoceanu.com,5000000
https://zzapizza.com,5000000
https://zzapp.gsxt.gov.cn,5000000
https://zzasvb.com,5000000
https://zzb-share.dragonest.com,5000000
https://zzb.sjtu.edu.cn,5000000
https://zzbi9itf.doedam281.shop,5000000
https://zzbtool.com,5000000
https://zzcustomdesigns.com,5000000
https://zzdance.dance,5000000
https://zzdetailsllc.com,5000000
https://zzdetailsllc.fieldd.co,5000000
https://zzdriggs.com,5000000
https://zzemscrew.com,5000000
https://zzenlabs.com,5000000
https://zzfinecarsatl.com,5000000
https://zzfw.tongji.edu.cn,5000000
https://zzgod7oqfhq.typeform.com,5000000
https://zzgzckolpylvuprg.quora.com,5000000
https://zzh.1688.com,5000000
https://zzhivrursie.com,5000000
https://zzhotpothouse.com,5000000
https://zzhz.zjol.com.cn,5000000
https://zzjb.rsj.sh.gov.cn,5000000
https://zzjh.org.cn,5000000
https://zzjie.com,5000000
https://zzk.cnblogs.com,5000000
https://zzk273.github.io,5000000
https://zzkh.gf.com.cn,5000000
https://zzkit.com,5000000
https://zzlz.gsxt.gov.cn,5000000
https://zzmac.com,5000000
https://zzmax.cn,5000000
https://zzmedspa.laserbookings.com,5000000
https://zzmobilecardetailing.com,5000000
https://zznr.albrightscycling.com,5000000
https://zzofficefurniture.com,5000000
https://zzolive.com,5000000
https://zzomaosa.com,5000000
https://zzqbbq.com,5000000
https://zzrs.zhengzhou.gov.cn,5000000
https://zzrshop.com,5000000
https://zzsclub.com,5000000
https://zzsl.mase.cloud,5000000
https://zztai-tech.com,5000000
https://zztisane.com,5000000
https://zztna.com,5000000
https://zztoa.com,5000000
https://zzwholesaleonline.com,5000000
https://zzyrj.top,5000000
https://zzyzxrealty.appfolio.com,5000000
https://zzyzzyy.com,5000000
https://zzz-run-archive.onrender.com,5000000
https://zzz.akademiya.app,5000000
https://zzz.arkadia.xyz,5000000
https://zzz.com,5000000
https://zzz.gg,5000000
https://zzz.instatus.com,5000000
https://zzz.mihoyo.com,5000000
https://zzz.myworkplace.aviva.co.uk,5000000
https://zzz.zoltron.com,5000000
https://zzz.zoomquilt2.com,5000000
https://zzzachzzz.github.io,5000000
https://zzzcomics.itch.io,5000000
https://zzzdle.com,5000000
https://zzzello.com,5000000
https://zzzensleep.com,5000000
https://zzzmerch.com,5000000
https://zzzpawnshop.com,5000000
https://zzzs.slumbercbn.com,5000000
https://zzzs.uk,5000000
https://zzzzwebz.vercel.app,5000000
https://zzzzz8.com,5000000
https://zzzzzz.me,5000000
